learner_id,region,course_id,last_login_days,assignment_completion_rate,quiz_score_trend,attendance_rate
L11919,Egypt,CRS-012,38.9,0.827,6.8,0.707
L15379,Egypt,CRS-001,1.8,0.923,4.6,0.606
L14012,South Africa,CRS-009,0.7,0.886,-2.2,0.664
L13021,Egypt,CRS-005,16.0,0.717,-6.7,0.572
L13977,South Africa,CRS-003,1.1,0.778,-25.8,0.697
L12824,South Africa,CRS-005,0.8,0.447,-8.4,0.670
L12525,Egypt,CRS-009,1.0,0.774,-5.5,0.917
L11254,South Africa,CRS-009,9.0,0.872,-1.2,0.813
L12163,South Africa,CRS-009,20.8,0.916,11.1,0.566
L13006,South Africa,CRS-013,4.7,0.871,-9.5,0.517
L10079,Egypt,CRS-013,2.7,0.772,10.8,0.498
L11357,South Africa,CRS-004,1.1,0.566,4.4,0.632
L11606,South Africa,CRS-015,10.6,0.631,-18.7,0.849
L12049,Egypt,CRS-014,1.7,0.684,4.5,0.554
L10065,Egypt,CRS-002,7.4,0.777,10.8,0.268
L15070,Egypt,CRS-011,13.4,0.928,-47.2,0.805
L13201,South Africa,CRS-006,12.7,0.620,-6.5,0.822
L10208,Egypt,CRS-002,1.5,0.554,-16.7,0.903
L10468,Egypt,CRS-005,16.4,0.871,-11.1,0.189
L14159,South Africa,CRS-005,20.8,0.654,5.0,0.720
L12756,Egypt,CRS-014,10.5,0.459,8.3,0.728
L14964,Egypt,CRS-007,20.9,0.912,-3.8,0.901
L11813,Egypt,CRS-014,3.3,0.617,-18.5,0.758
L10344,South Africa,CRS-012,0.5,0.773,10.9,0.303
L13521,South Africa,CRS-004,1.5,0.568,9.1,0.654
L11840,Egypt,CRS-004,20.5,0.583,0.0,0.941
L10232,Egypt,CRS-015,7.4,0.900,25.3,0.271
L12705,South Africa,CRS-002,9.9,0.714,3.2,0.505
L14436,Egypt,CRS-003,25.4,0.838,10.5,0.734
L13862,Egypt,CRS-011,4.0,0.304,-3.6,0.698
L12498,South Africa,CRS-002,10.9,0.803,-11.6,0.622
L10835,South Africa,CRS-005,22.1,0.350,6.9,0.604
L13174,South Africa,CRS-005,2.1,0.762,-8.6,0.678
L11080,South Africa,CRS-008,2.3,0.867,-6.5,0.118
L13314,Egypt,CRS-005,6.0,0.696,-3.7,0.639
L14221,South Africa,CRS-012,5.8,0.768,8.0,0.770
L13581,South Africa,CRS-001,9.0,0.830,2.5,0.585
L11046,South Africa,CRS-012,10.9,0.314,-6.1,0.739
L12630,Egypt,CRS-014,4.6,0.766,-19.4,0.641
L13996,South Africa,CRS-015,3.8,0.732,-17.7,0.803
L13293,South Africa,CRS-006,2.3,0.945,5.5,0.122
L14308,South Africa,CRS-006,37.9,0.859,12.1,0.783
L12313,Egypt,CRS-013,0.6,0.683,-10.3,0.639
L10560,Egypt,CRS-009,7.7,0.689,-13.8,0.420
L11909,South Africa,CRS-012,6.1,0.891,10.0,0.674
L12909,Egypt,CRS-013,9.2,0.775,0.8,0.761
L13287,South Africa,CRS-001,23.4,0.844,-20.3,0.936
L11257,Egypt,CRS-012,4.8,0.955,-12.4,0.277
L14926,South Africa,CRS-006,20.5,0.939,-2.1,0.730
L13485,South Africa,CRS-007,0.5,0.572,10.7,0.618
L10776,Egypt,CRS-003,13.0,0.350,16.0,0.281
L13274,Egypt,CRS-014,1.9,0.750,21.3,0.841
L11451,South Africa,CRS-015,4.9,0.781,-11.2,0.249
L11208,South Africa,CRS-013,5.6,0.750,8.5,0.731
L14756,Egypt,CRS-003,2.0,0.679,-9.2,0.694
L12913,South Africa,CRS-009,1.5,0.615,-1.0,0.634
L12168,South Africa,CRS-003,11.8,0.674,34.6,0.529
L13172,Egypt,CRS-007,3.5,0.735,14.6,0.959
L10563,South Africa,CRS-010,10.4,0.779,-7.6,0.832
L13549,Egypt,CRS-001,13.3,0.759,2.0,0.531
L14473,South Africa,CRS-015,7.2,0.829,-15.4,0.772
L13004,Egypt,CRS-015,12.1,0.930,6.2,0.834
L10188,South Africa,CRS-015,4.4,0.701,-3.3,0.541
L10164,South Africa,CRS-006,5.3,0.802,-15.9,0.572
L12651,Egypt,CRS-002,13.0,0.801,7.4,0.557
L11221,Egypt,CRS-013,11.4,0.103,-1.9,0.556
L12536,Egypt,CRS-013,2.2,0.920,3.4,0.516
L14835,Egypt,CRS-005,10.7,0.910,28.9,0.780
L10158,South Africa,CRS-011,2.8,0.980,-20.3,0.620
L13954,South Africa,CRS-007,1.9,0.719,10.8,0.720
L11172,Egypt,CRS-011,7.3,0.522,6.8,0.631
L13267,Egypt,CRS-015,0.0,0.789,-10.7,0.276
L15238,Egypt,CRS-010,7.0,0.794,-6.2,0.513
L10516,Egypt,CRS-014,16.4,0.881,-6.7,0.638
L10863,South Africa,CRS-006,1.0,0.983,-10.8,0.584
L12097,South Africa,CRS-007,0.1,0.508,3.4,0.649
L13870,Egypt,CRS-006,1.1,0.856,11.5,0.647
L10891,Egypt,CRS-003,3.5,0.908,-12.4,0.678
L12268,Egypt,CRS-006,0.2,0.719,30.1,0.801
L10968,South Africa,CRS-015,10.0,0.760,26.2,0.902
L11720,South Africa,CRS-013,2.8,0.355,14.0,0.897
L13102,Egypt,CRS-013,0.6,0.584,-12.3,0.508
L10192,Egypt,CRS-012,13.1,0.924,-7.0,0.633
L11009,Egypt,CRS-008,14.9,0.683,-1.2,0.610
L11074,South Africa,CRS-008,11.0,0.667,-0.3,0.562
L11766,Egypt,CRS-006,3.3,0.734,-4.3,0.714
L11416,Egypt,CRS-001,17.1,0.696,10.8,0.772
L14593,South Africa,CRS-014,6.2,0.810,7.1,0.906
L12053,South Africa,CRS-011,2.1,0.953,24.1,0.435
L11649,Egypt,CRS-008,0.7,0.250,-6.7,0.545
L10475,South Africa,CRS-011,51.5,0.847,3.3,0.529
L11323,South Africa,CRS-009,12.4,0.789,-23.9,0.762
L14082,Egypt,CRS-005,6.8,0.878,25.6,0.832
L11273,South Africa,CRS-009,6.7,0.864,-18.8,0.753
L12854,Egypt,CRS-006,12.9,0.879,2.1,0.662
L14890,South Africa,CRS-010,12.6,0.723,9.8,0.799
L10138,Egypt,CRS-008,6.7,0.703,-5.0,0.794
L13514,Egypt,CRS-010,12.9,0.700,3.9,0.656
L14810,South Africa,CRS-013,11.8,0.745,-3.1,0.794
L11471,South Africa,CRS-011,3.1,0.847,-12.7,0.573
L13265,South Africa,CRS-006,2.8,0.646,2.1,0.565
L11695,South Africa,CRS-014,8.3,0.845,-1.6,0.432
L15086,Egypt,CRS-007,19.7,0.901,7.9,0.466
L14775,Egypt,CRS-012,26.9,0.286,-23.8,0.812
L11792,Egypt,CRS-007,2.4,0.919,7.2,0.765
L10730,Egypt,CRS-004,1.0,0.797,-12.0,0.778
L13851,Egypt,CRS-011,24.6,0.848,-10.7,0.559
L10052,Egypt,CRS-011,27.5,0.717,-5.3,0.953
L12884,South Africa,CRS-003,1.4,0.921,5.2,0.223
L14075,South Africa,CRS-004,10.6,0.874,11.1,0.805
L11845,South Africa,CRS-004,0.8,0.746,3.1,0.814
L14017,South Africa,CRS-007,2.6,0.481,-15.8,0.711
L11678,Egypt,CRS-001,1.7,0.838,22.9,0.824
L13481,South Africa,CRS-011,8.1,0.798,-1.7,0.531
L13214,Egypt,CRS-013,2.2,0.791,-0.3,0.646
L13438,Egypt,CRS-003,4.2,0.575,-1.1,0.190
L11828,South Africa,CRS-003,13.6,0.749,15.7,0.743
L12868,South Africa,CRS-009,3.3,0.158,14.6,0.814
L10354,Egypt,CRS-015,7.5,0.783,-11.4,0.658
L10596,Egypt,CRS-008,19.2,0.816,24.5,0.961
L10761,South Africa,CRS-008,2.3,0.711,-9.8,0.876
L13650,Egypt,CRS-010,2.5,0.634,-3.7,0.645
L15283,South Africa,CRS-010,7.6,0.620,21.7,0.185
L13919,Egypt,CRS-011,8.6,0.821,19.0,0.323
L11064,South Africa,CRS-005,5.5,0.719,-0.3,0.745
L11999,Egypt,CRS-014,23.4,0.620,11.7,0.393
L13107,Egypt,CRS-007,17.0,0.619,-43.9,0.764
L14679,Egypt,CRS-015,5.1,0.870,-0.7,0.718
L12657,South Africa,CRS-008,0.4,0.547,-3.4,0.781
L12042,South Africa,CRS-010,0.1,0.858,7.2,0.775
L10551,Egypt,CRS-001,10.6,0.854,-1.1,0.464
L11263,South Africa,CRS-008,57.3,0.771,-20.3,0.582
L15321,South Africa,CRS-009,0.9,0.813,-0.5,0.812
L14336,South Africa,CRS-006,45.5,0.783,1.4,0.607
L11753,South Africa,CRS-003,2.5,0.914,10.2,0.859
L11021,Egypt,CRS-002,8.1,0.734,-20.5,0.875
L14876,Egypt,CRS-001,3.4,0.886,-0.0,0.801
L15208,Egypt,CRS-013,6.7,0.577,-1.1,0.806
L12005,South Africa,CRS-009,0.9,0.643,6.5,0.772
L11885,South Africa,CRS-009,7.6,0.727,10.3,0.748
L13598,Egypt,CRS-011,11.4,0.892,2.2,0.891
L12432,Egypt,CRS-011,8.1,0.572,3.8,0.883
L11558,South Africa,CRS-003,11.6,0.821,-21.3,0.776
L12866,Egypt,CRS-002,0.8,0.597,19.7,0.673
L10902,Egypt,CRS-014,2.1,0.907,11.6,0.709
L13290,South Africa,CRS-006,0.2,0.382,-4.2,0.567
L14628,South Africa,CRS-008,4.1,0.471,-11.4,0.915
L11901,Egypt,CRS-015,5.8,0.644,-8.6,0.663
L12452,South Africa,CRS-004,1.0,0.708,10.1,0.810
L10030,South Africa,CRS-013,2.0,0.717,-7.5,0.648
L11008,South Africa,CRS-009,15.5,0.695,-11.2,0.695
L12356,South Africa,CRS-013,1.3,0.682,-12.4,0.801
L11569,Egypt,CRS-005,56.2,0.643,-23.2,0.811
L14044,South Africa,CRS-015,7.6,0.404,-5.8,0.715
L12456,South Africa,CRS-007,0.1,0.680,-0.8,0.541
L14834,Egypt,CRS-009,9.1,0.764,-1.3,0.602
L11839,Egypt,CRS-008,7.6,0.762,-9.9,0.659
L10105,Egypt,CRS-014,6.1,0.565,-2.9,0.591
L15307,South Africa,CRS-014,4.2,0.691,-4.3,0.958
L14619,Egypt,CRS-009,2.8,0.598,2.7,0.739
L11300,South Africa,CRS-006,1.7,0.541,-11.8,0.913
L11648,Egypt,CRS-008,12.2,0.536,7.1,0.728
L13488,Egypt,CRS-002,0.5,0.643,1.7,0.678
L15246,South Africa,CRS-002,9.2,0.823,-7.3,0.441
L10568,Egypt,CRS-007,2.1,0.948,-20.9,0.860
L12282,South Africa,CRS-003,0.3,0.361,-14.8,0.788
L13354,Egypt,CRS-001,13.0,0.646,-44.5,0.820
L13694,South Africa,CRS-009,0.4,0.154,-48.2,0.747
L14428,South Africa,CRS-002,10.1,0.485,5.5,0.645
L12767,South Africa,CRS-013,12.3,0.409,-2.5,0.594
L14372,South Africa,CRS-010,11.7,0.828,7.9,0.658
L14594,Egypt,CRS-003,1.4,0.875,-0.7,0.626
L10293,Egypt,CRS-007,1.2,0.742,-16.0,0.709
L12426,South Africa,CRS-002,3.3,0.475,14.7,0.672
L12604,Egypt,CRS-008,1.1,0.570,6.2,0.479
L13161,Egypt,CRS-009,3.3,0.620,-0.7,0.692
L15216,Egypt,CRS-005,18.1,0.530,-9.8,0.265
L13832,Egypt,CRS-009,18.2,0.269,-1.4,0.805
L14786,South Africa,CRS-014,9.0,0.459,3.4,0.788
L13990,Egypt,CRS-002,9.7,0.648,-5.9,0.594
L10307,South Africa,CRS-009,5.6,0.693,-4.2,0.619
L10908,South Africa,CRS-011,2.3,0.740,-43.8,0.658
L14285,South Africa,CRS-004,6.8,0.793,-28.8,0.726
L14672,South Africa,CRS-004,0.5,0.876,5.0,0.611
L14359,South Africa,CRS-015,6.9,0.580,21.4,0.942
L11036,Egypt,CRS-010,6.1,0.768,7.9,0.950
L14623,South Africa,CRS-005,4.6,0.786,-5.1,0.829
L11944,South Africa,CRS-011,0.1,0.945,-30.7,0.897
L10717,Egypt,CRS-004,6.9,0.526,-15.8,0.872
L13338,Egypt,CRS-010,1.1,0.897,20.3,0.882
L12796,Egypt,CRS-001,2.9,0.588,-8.5,0.469
L13127,South Africa,CRS-012,5.8,0.770,8.8,0.801
L10219,Egypt,CRS-009,1.4,0.766,10.5,0.654
L13154,South Africa,CRS-007,1.1,0.670,-11.0,0.747
L12827,South Africa,CRS-009,2.5,0.868,-1.8,0.672
L14929,Egypt,CRS-013,5.7,0.946,14.5,0.765
L12688,Egypt,CRS-011,1.4,0.805,4.7,0.556
L14043,South Africa,CRS-012,5.5,0.640,-2.5,0.888
L12882,Egypt,CRS-010,6.3,0.425,6.6,0.239
L10548,Egypt,CRS-002,1.7,0.899,-6.0,0.468
L10755,Egypt,CRS-010,3.0,0.902,1.9,0.789
L12625,South Africa,CRS-003,1.2,0.158,-1.0,0.895
L13078,South Africa,CRS-002,1.6,0.971,16.1,0.727
L11065,South Africa,CRS-015,1.3,0.782,14.3,0.899
L12790,Egypt,CRS-001,5.1,0.861,-13.5,0.717
L14673,South Africa,CRS-011,15.4,0.725,4.4,0.814
L14569,Egypt,CRS-004,43.6,0.449,-6.4,0.815
L10305,Egypt,CRS-006,16.3,0.545,9.5,0.693
L12075,Egypt,CRS-006,2.6,0.938,-9.0,0.925
L10492,Egypt,CRS-004,15.2,0.480,-16.6,0.915
L12119,South Africa,CRS-010,4.4,0.906,-9.7,0.825
L14519,Egypt,CRS-010,3.7,0.646,2.5,0.723
L10257,South Africa,CRS-007,36.0,0.918,-0.0,0.775
L10094,South Africa,CRS-008,3.9,0.681,20.7,0.819
L14455,South Africa,CRS-011,8.9,0.827,12.6,0.250
L14383,Egypt,CRS-002,9.4,0.216,2.2,0.943
L12387,Egypt,CRS-003,1.2,0.717,-9.2,0.735
L14782,South Africa,CRS-001,0.2,0.912,6.1,0.816
L11653,Egypt,CRS-014,12.7,0.347,6.4,0.674
L10848,Egypt,CRS-003,1.8,0.665,-8.6,0.631
L10481,South Africa,CRS-004,20.2,0.507,-2.5,0.950
L11170,South Africa,CRS-015,0.8,0.908,-1.5,0.623
L11138,South Africa,CRS-011,6.9,0.269,1.7,0.826
L14219,South Africa,CRS-001,38.1,0.766,-10.9,0.668
L12971,Egypt,CRS-008,4.7,0.787,-43.3,0.681
L10810,Egypt,CRS-012,7.2,0.405,-14.3,0.792
L13381,Egypt,CRS-013,2.2,0.691,6.7,0.625
L10128,Egypt,CRS-011,11.8,0.499,13.1,0.580
L11316,Egypt,CRS-004,15.2,0.584,-19.0,0.818
L12263,Egypt,CRS-013,1.7,0.959,-10.5,0.557
L11930,Egypt,CRS-015,8.6,0.738,-7.5,0.696
L13053,Egypt,CRS-015,3.9,0.840,-33.8,0.452
L11654,Egypt,CRS-004,2.7,0.266,-7.3,0.703
L15085,South Africa,CRS-003,2.6,0.597,9.3,0.726
L15083,South Africa,CRS-006,15.2,0.302,22.5,0.674
L15381,South Africa,CRS-013,4.0,0.457,23.6,0.708
L14061,South Africa,CRS-006,13.8,0.454,-18.1,0.879
L12326,South Africa,CRS-001,3.4,0.221,35.6,0.764
L13216,South Africa,CRS-001,8.7,0.966,-1.8,0.879
L15091,South Africa,CRS-007,9.2,0.526,10.2,0.588
L13727,South Africa,CRS-007,6.8,0.727,13.6,0.746
L11689,Egypt,CRS-002,8.8,0.670,-5.8,0.469
L11521,South Africa,CRS-014,0.3,0.609,8.9,0.733
L14303,South Africa,CRS-008,6.8,0.722,0.0,0.639
L14016,Egypt,CRS-006,10.2,0.840,10.6,0.569
L10177,South Africa,CRS-012,16.5,0.662,26.5,0.577
L13439,South Africa,CRS-005,4.3,0.441,20.5,0.743
L12489,Egypt,CRS-002,4.4,0.677,2.7,0.787
L12137,South Africa,CRS-008,8.9,0.805,-4.5,0.531
L10042,Egypt,CRS-013,15.1,0.614,-7.7,0.885
L15248,South Africa,CRS-009,10.1,0.634,-14.3,0.830
L11784,South Africa,CRS-011,2.2,0.523,-13.4,0.528
L14680,South Africa,CRS-002,7.1,0.728,9.5,0.760
L11350,Egypt,CRS-011,8.5,0.777,-0.5,0.839
L13932,South Africa,CRS-010,0.4,0.902,-5.8,0.648
L12798,South Africa,CRS-002,3.6,0.879,-10.7,0.729
L10630,Egypt,CRS-008,8.4,0.709,16.2,0.758
L12415,Egypt,CRS-002,4.7,0.802,-47.4,0.725
L11869,Egypt,CRS-005,2.1,0.813,9.6,0.833
L10044,South Africa,CRS-007,11.1,0.936,6.2,0.587
L11111,Egypt,CRS-008,5.4,0.594,5.9,0.533
L11775,South Africa,CRS-008,0.3,0.733,10.1,0.885
L14734,Egypt,CRS-011,10.3,0.670,16.0,0.852
L11472,South Africa,CRS-002,14.6,0.940,-3.0,0.622
L12839,Egypt,CRS-006,6.0,0.764,6.2,0.471
L11380,Egypt,CRS-005,2.1,0.844,-0.7,0.606
L11294,South Africa,CRS-011,5.3,0.795,4.7,0.935
L13492,Egypt,CRS-012,3.3,0.725,9.2,0.636
L11837,South Africa,CRS-012,1.5,0.677,-4.1,0.731
L12355,Egypt,CRS-010,1.7,0.842,-6.7,0.698
L12476,Egypt,CRS-008,3.4,0.721,-30.0,0.539
L11744,South Africa,CRS-015,0.6,0.730,-9.7,0.236
L13424,Egypt,CRS-007,14.8,0.860,-10.8,0.940
L12409,Egypt,CRS-015,2.2,0.729,-41.6,0.807
L12739,South Africa,CRS-001,1.1,0.691,-22.6,0.671
L13112,Egypt,CRS-008,0.2,0.394,1.6,0.226
L11517,South Africa,CRS-013,3.8,0.906,-32.4,0.586
L14309,South Africa,CRS-011,11.7,0.609,-4.3,0.915
L15193,Egypt,CRS-013,2.4,0.640,-20.5,0.821
L13426,South Africa,CRS-015,0.5,0.770,22.3,0.680
L13209,Egypt,CRS-008,1.9,0.157,3.8,0.734
L15360,Egypt,CRS-012,1.2,0.732,4.4,0.766
L10864,Egypt,CRS-009,7.8,0.679,-4.1,0.663
L14822,Egypt,CRS-008,4.9,0.666,-19.5,0.565
L14736,South Africa,CRS-007,17.9,0.946,3.1,0.858
L11968,South Africa,CRS-002,11.9,0.494,-8.0,0.492
L10272,South Africa,CRS-014,1.2,0.797,13.9,0.382
L10244,Egypt,CRS-014,4.4,0.704,20.5,0.904
L10543,South Africa,CRS-001,2.1,0.847,6.3,0.899
L14453,South Africa,CRS-009,10.6,0.483,6.8,0.675
L11685,Egypt,CRS-008,4.8,0.789,-13.4,0.728
L10878,Egypt,CRS-004,0.7,0.756,13.8,0.869
L14687,Egypt,CRS-014,8.0,0.691,-6.3,0.639
L11541,Egypt,CRS-011,2.8,0.812,2.9,0.683
L10608,South Africa,CRS-003,2.8,0.490,1.0,0.656
L12159,Egypt,CRS-006,11.9,0.780,-5.2,0.638
L13333,South Africa,CRS-006,29.7,0.549,-32.1,0.719
L10830,South Africa,CRS-013,1.9,0.671,-6.7,0.904
L11238,Egypt,CRS-004,2.6,0.677,-9.4,0.740
L13633,South Africa,CRS-011,4.4,0.867,0.8,0.603
L11060,Egypt,CRS-010,10.2,0.797,14.2,0.529
L12649,Egypt,CRS-015,3.1,0.943,-16.0,0.862
L10654,South Africa,CRS-006,0.4,0.595,5.2,0.832
L13557,South Africa,CRS-007,1.7,0.890,8.6,0.907
L13807,Egypt,CRS-002,3.1,0.753,-2.5,0.747
L12687,Egypt,CRS-014,7.1,0.778,-26.8,0.736
L12203,Egypt,CRS-003,5.5,0.669,-5.8,0.650
L12030,Egypt,CRS-007,10.5,0.513,-3.4,0.887
L13351,Egypt,CRS-015,7.3,0.914,3.4,0.566
L11244,South Africa,CRS-007,1.1,0.694,1.7,0.902
L13962,South Africa,CRS-006,6.6,0.721,-8.7,0.609
L13291,Egypt,CRS-004,12.2,0.770,13.2,0.652
L12675,South Africa,CRS-008,12.1,0.751,9.4,0.595
L11227,South Africa,CRS-008,2.6,0.739,3.9,0.741
L10582,Egypt,CRS-008,6.1,0.695,1.6,0.846
L13801,Egypt,CRS-004,3.4,0.452,-14.7,0.764
L14257,Egypt,CRS-009,0.9,0.502,12.7,0.859
L12654,South Africa,CRS-013,3.4,0.801,-13.3,0.866
L14335,South Africa,CRS-006,4.7,0.766,-1.7,0.885
L12610,South Africa,CRS-010,28.3,0.845,2.7,0.549
L14997,Egypt,CRS-006,4.0,0.138,-8.3,0.853
L11853,Egypt,CRS-004,6.0,0.775,8.1,0.624
L14031,Egypt,CRS-009,16.9,0.895,11.7,0.687
L13244,South Africa,CRS-005,2.8,0.902,-14.5,0.754
L10466,South Africa,CRS-015,17.4,0.575,-5.6,0.708
L12680,Egypt,CRS-002,4.9,0.164,-2.2,0.787
L13218,South Africa,CRS-001,21.1,0.350,-6.5,0.447
L15269,South Africa,CRS-009,4.2,0.821,-2.8,0.549
L13564,South Africa,CRS-006,15.3,0.584,1.1,0.571
L14686,Egypt,CRS-004,13.7,0.723,1.4,0.721
L12302,South Africa,CRS-002,12.9,0.860,0.2,0.821
L12149,South Africa,CRS-008,1.2,0.454,-16.2,0.694
L14232,Egypt,CRS-015,2.1,0.267,0.8,0.697
L12378,Egypt,CRS-011,1.5,0.743,7.8,0.545
L13454,South Africa,CRS-010,22.3,0.620,-11.7,0.451
L10032,Egypt,CRS-004,1.8,0.804,-28.5,0.738
L13395,South Africa,CRS-013,3.4,0.937,-2.7,0.873
L12606,South Africa,CRS-008,7.9,0.436,-16.2,0.423
L11407,Egypt,CRS-002,5.1,0.972,-11.9,0.906
L11193,South Africa,CRS-013,14.4,0.657,-6.7,0.793
L14842,Egypt,CRS-009,10.5,0.712,-16.1,0.448
L11836,South Africa,CRS-010,0.7,0.864,-5.0,0.892
L10735,South Africa,CRS-006,0.4,0.530,-8.2,0.915
L15376,South Africa,CRS-010,12.9,0.244,-19.7,0.681
L10282,South Africa,CRS-004,16.7,0.861,3.0,0.703
L13115,South Africa,CRS-014,9.1,0.329,1.2,0.861
L12237,Egypt,CRS-003,1.1,0.880,12.1,0.724
L13372,Egypt,CRS-008,0.2,0.484,12.5,0.838
L10473,South Africa,CRS-006,14.7,0.464,24.2,0.574
L10434,South Africa,CRS-015,36.5,0.621,-11.7,0.848
L10974,South Africa,CRS-010,7.5,0.699,-4.1,0.591
L10309,South Africa,CRS-001,2.9,0.834,9.1,0.629
L10111,Egypt,CRS-004,1.7,0.919,-1.6,0.570
L10062,South Africa,CRS-001,0.5,0.614,15.3,0.847
L14990,Egypt,CRS-012,46.9,0.803,0.1,0.346
L13898,Egypt,CRS-004,20.0,0.785,11.0,0.418
L10332,South Africa,CRS-012,53.8,0.233,3.8,0.696
L13123,South Africa,CRS-013,9.9,0.866,12.7,0.474
L13435,South Africa,CRS-011,12.0,0.970,-2.0,0.820
L13195,Egypt,CRS-004,29.3,0.861,14.4,0.945
L12863,South Africa,CRS-011,40.9,0.745,11.9,0.760
L13094,South Africa,CRS-013,0.7,0.676,-3.6,0.606
L14797,South Africa,CRS-007,1.6,0.605,-3.4,0.589
L13043,South Africa,CRS-012,0.6,0.394,-14.0,0.760
L13653,Egypt,CRS-011,0.6,0.632,-2.0,0.286
L11675,Egypt,CRS-014,1.1,0.847,5.6,0.728
L13175,Egypt,CRS-014,5.4,0.252,-45.4,0.671
L15301,Egypt,CRS-012,7.8,0.764,-0.5,0.849
L13075,South Africa,CRS-009,5.3,0.781,-2.8,0.630
L14158,Egypt,CRS-006,3.0,0.841,0.0,0.544
L11352,Egypt,CRS-007,0.9,0.914,12.6,0.224
L10426,South Africa,CRS-004,1.5,0.745,-1.8,0.924
L11771,South Africa,CRS-003,4.8,0.770,15.7,0.679
L13077,Egypt,CRS-013,4.0,0.759,-20.7,0.607
L13902,Egypt,CRS-001,4.1,0.789,-9.1,0.364
L11356,Egypt,CRS-008,6.4,0.501,9.4,0.635
L14430,Egypt,CRS-003,8.5,0.386,13.8,0.799
L15099,South Africa,CRS-010,2.2,0.903,-5.9,0.476
L13369,South Africa,CRS-006,9.4,0.806,-39.6,0.757
L13967,South Africa,CRS-012,3.9,0.907,5.4,0.507
L11880,South Africa,CRS-004,1.0,0.626,-2.7,0.734
L15108,South Africa,CRS-008,7.3,0.863,11.3,0.484
L13771,Egypt,CRS-010,24.5,0.677,12.3,0.765
L13371,South Africa,CRS-002,8.8,0.963,12.4,0.885
L14294,Egypt,CRS-004,0.3,0.903,17.3,0.818
L10082,Egypt,CRS-002,2.3,0.534,-10.6,0.538
L10123,Egypt,CRS-013,0.6,0.498,-5.9,0.703
L12672,South Africa,CRS-014,0.3,0.389,5.4,0.902
L14552,South Africa,CRS-010,8.7,0.622,0.1,0.680
L11931,South Africa,CRS-008,19.6,0.519,14.6,0.865
L15297,South Africa,CRS-013,20.5,0.798,11.2,0.877
L12903,South Africa,CRS-008,6.1,0.808,-18.2,0.816
L14280,Egypt,CRS-008,5.1,0.778,0.6,0.508
L12956,South Africa,CRS-002,13.0,0.401,9.4,0.673
L14398,South Africa,CRS-005,3.1,0.790,-30.3,0.546
L10547,Egypt,CRS-011,20.6,0.654,-24.6,0.561
L14040,Egypt,CRS-014,8.6,0.558,-1.1,0.149
L15391,South Africa,CRS-009,5.0,0.607,-2.4,0.805
L15113,South Africa,CRS-005,5.3,0.669,6.0,0.869
L14958,Egypt,CRS-003,16.6,0.731,8.7,0.536
L11782,Egypt,CRS-014,7.5,0.533,8.1,0.109
L11757,South Africa,CRS-005,8.9,0.396,8.8,0.640
L11754,South Africa,CRS-001,2.3,0.706,22.2,0.582
L11084,Egypt,CRS-013,16.2,0.249,-15.8,0.664
L15124,South Africa,CRS-015,11.4,0.590,-9.3,0.665
L10960,Egypt,CRS-007,21.8,0.812,5.0,0.652
L14325,South Africa,CRS-010,42.9,0.317,3.0,0.708
L13119,South Africa,CRS-013,2.6,0.730,2.0,0.350
L10763,Egypt,CRS-014,12.9,0.743,-6.8,0.757
L12915,South Africa,CRS-007,1.3,0.829,-13.6,0.819
L12447,South Africa,CRS-005,20.7,0.899,-0.2,0.779
L10925,Egypt,CRS-015,4.0,0.375,-2.3,0.784
L10598,South Africa,CRS-015,18.4,0.904,4.9,0.451
L12408,Egypt,CRS-010,21.3,0.801,11.1,0.744
L14781,Egypt,CRS-013,7.8,0.598,-8.6,0.900
L12737,Egypt,CRS-014,14.7,0.542,4.2,0.851
L11789,South Africa,CRS-001,3.5,0.709,3.1,0.770
L11151,South Africa,CRS-012,7.6,0.393,2.9,0.852
L15361,South Africa,CRS-001,11.7,0.707,-10.2,0.751
L10813,South Africa,CRS-008,13.1,0.867,0.4,0.720
L13177,South Africa,CRS-015,22.4,0.713,16.3,0.709
L10818,South Africa,CRS-003,5.2,0.667,26.2,0.726
L14048,Egypt,CRS-012,9.5,0.678,-1.2,0.701
L12312,Egypt,CRS-011,11.6,0.706,-24.7,0.620
L14204,South Africa,CRS-012,4.8,0.759,9.1,0.868
L14753,Egypt,CRS-002,1.5,0.938,-4.0,0.735
L11406,South Africa,CRS-014,5.4,0.904,21.6,0.667
L14878,Egypt,CRS-006,0.8,0.503,-14.7,0.374
L14634,South Africa,CRS-010,0.6,0.703,-14.3,0.777
L10980,South Africa,CRS-002,22.5,0.353,-18.5,0.696
L14196,South Africa,CRS-015,7.4,0.668,-4.0,0.862
L12519,South Africa,CRS-012,28.4,0.764,12.0,0.765
L14060,Egypt,CRS-001,16.8,0.782,-1.0,0.858
L11461,South Africa,CRS-001,10.9,0.598,19.1,0.688
L14999,South Africa,CRS-007,13.7,0.885,-16.0,0.579
L10099,South Africa,CRS-011,10.7,0.394,15.5,0.640
L12776,Egypt,CRS-012,11.8,0.943,-3.5,0.890
L10764,Egypt,CRS-014,6.5,0.420,20.8,0.555
L10860,South Africa,CRS-009,0.1,0.680,11.8,0.779
L12465,Egypt,CRS-001,7.5,0.702,18.5,0.728
L12859,Egypt,CRS-003,0.2,0.890,4.3,0.449
L12424,South Africa,CRS-001,13.2,0.361,27.3,0.774
L10819,Egypt,CRS-011,5.3,0.684,-41.7,0.600
L15173,South Africa,CRS-014,7.1,0.716,10.0,0.838
L11344,South Africa,CRS-009,6.0,0.622,-1.1,0.584
L13800,South Africa,CRS-009,0.7,0.862,7.1,0.825
L12702,South Africa,CRS-003,16.4,0.731,11.7,0.775
L13522,Egypt,CRS-013,29.4,0.705,2.5,0.600
L10161,South Africa,CRS-007,28.1,0.820,-15.7,0.626
L13961,Egypt,CRS-001,5.2,0.547,0.6,0.741
L11242,South Africa,CRS-001,0.2,0.398,-15.3,0.749
L12949,Egypt,CRS-011,19.5,0.809,-20.1,0.735
L10799,South Africa,CRS-005,4.8,0.873,27.7,0.851
L14862,South Africa,CRS-003,1.3,0.785,17.4,0.354
L15134,South Africa,CRS-015,1.1,0.776,-6.9,0.823
L12066,South Africa,CRS-010,0.1,0.691,-12.8,0.277
L13046,Egypt,CRS-014,9.4,0.715,23.0,0.725
L11398,South Africa,CRS-012,15.5,0.301,14.6,0.615
L11812,Egypt,CRS-005,2.9,0.869,7.8,0.374
L10933,South Africa,CRS-015,1.4,0.793,11.9,0.558
L12297,Egypt,CRS-008,8.0,0.750,-3.4,0.409
L10343,South Africa,CRS-015,9.7,0.487,4.7,0.769
L11476,South Africa,CRS-003,3.2,0.874,-33.6,0.795
L15366,South Africa,CRS-012,23.1,0.744,-19.3,0.889
L12883,South Africa,CRS-011,3.7,0.754,-14.0,0.875
L11097,Egypt,CRS-002,12.1,0.946,18.7,0.952
L14689,Egypt,CRS-013,10.8,0.869,8.3,0.881
L15322,South Africa,CRS-002,0.7,0.455,-2.3,0.657
L10576,Egypt,CRS-010,0.3,0.801,-5.7,0.848
L13517,Egypt,CRS-005,5.1,0.915,-42.3,0.762
L12253,South Africa,CRS-003,1.3,0.730,-9.2,0.743
L12676,Egypt,CRS-012,1.2,0.951,19.2,0.855
L12251,South Africa,CRS-015,11.8,0.801,-7.7,0.679
L13160,Egypt,CRS-015,8.3,0.643,7.6,0.804
L14343,South Africa,CRS-004,10.4,0.944,6.4,0.471
L13589,Egypt,CRS-013,1.0,0.771,5.4,0.977
L15270,South Africa,CRS-004,1.2,0.694,4.9,0.475
L11459,Egypt,CRS-002,3.5,0.399,-0.9,0.689
L12471,South Africa,CRS-008,3.3,0.660,8.9,0.900
L13015,South Africa,CRS-015,14.8,0.632,-12.1,0.690
L11415,Egypt,CRS-001,0.4,0.778,-9.6,0.328
L10540,South Africa,CRS-014,2.5,0.594,-40.5,0.777
L13054,South Africa,CRS-001,42.0,0.813,-14.5,0.599
L13368,Egypt,CRS-006,0.5,0.490,-17.0,0.641
L12626,Egypt,CRS-008,0.5,0.657,8.2,0.888
L11396,South Africa,CRS-014,1.8,0.838,-19.7,0.806
L14305,Egypt,CRS-009,5.3,0.600,-0.9,0.522
L14297,South Africa,CRS-008,12.4,0.566,14.9,0.576
L12584,Egypt,CRS-001,3.3,0.435,20.5,0.860
L13778,South Africa,CRS-007,9.5,0.330,-14.4,0.790
L11561,Egypt,CRS-004,7.5,0.900,-4.6,0.679
L15045,Egypt,CRS-005,57.0,0.789,-23.3,0.739
L12214,Egypt,CRS-009,2.6,0.223,11.2,0.727
L11112,Egypt,CRS-002,9.0,0.756,-10.5,0.730
L12559,South Africa,CRS-013,0.3,0.498,8.1,0.753
L15390,South Africa,CRS-009,10.9,0.557,3.8,0.725
L14849,South Africa,CRS-001,17.2,0.823,-15.3,0.644
L11635,Egypt,CRS-008,1.0,0.682,-8.3,0.739
L13067,South Africa,CRS-007,39.3,0.844,-25.6,0.528
L14639,Egypt,CRS-002,1.3,0.682,1.3,0.802
L13788,Egypt,CRS-004,10.6,0.909,-13.5,0.765
L10873,South Africa,CRS-011,9.6,0.684,-17.8,0.662
L13546,Egypt,CRS-011,12.7,0.895,-8.0,0.849
L11444,South Africa,CRS-001,5.6,0.858,1.4,0.684
L14174,Egypt,CRS-008,4.5,0.696,-1.1,0.739
L13084,Egypt,CRS-006,1.2,0.918,-0.4,0.683
L14191,Egypt,CRS-015,8.6,0.777,7.5,0.627
L11305,South Africa,CRS-002,25.1,0.727,13.8,0.834
L10996,South Africa,CRS-012,4.2,0.642,9.7,0.685
L12716,South Africa,CRS-004,7.8,0.347,-13.9,0.909
L15040,South Africa,CRS-014,8.0,0.669,-8.4,0.730
L13483,South Africa,CRS-009,1.9,0.267,17.5,0.817
L14214,South Africa,CRS-012,1.0,0.856,-9.0,0.699
L12406,Egypt,CRS-012,4.7,0.923,-5.1,0.770
L10001,Egypt,CRS-010,20.0,0.448,-17.3,0.380
L10349,South Africa,CRS-006,7.4,0.809,-7.5,0.798
L13964,Egypt,CRS-011,6.3,0.903,24.5,0.772
L12924,Egypt,CRS-003,3.5,0.625,-11.5,0.610
L12427,Egypt,CRS-009,6.6,0.844,-21.5,0.761
L11037,South Africa,CRS-003,4.2,0.742,-9.3,0.674
L12764,South Africa,CRS-011,7.3,0.603,15.4,0.714
L12921,South Africa,CRS-012,7.0,0.708,13.1,0.886
L14178,South Africa,CRS-002,10.8,0.531,-3.2,0.763
L13794,South Africa,CRS-011,0.3,0.723,19.2,0.901
L11643,South Africa,CRS-007,1.3,0.498,-1.1,0.879
L12569,South Africa,CRS-013,21.9,0.816,9.9,0.478
L14927,South Africa,CRS-002,0.1,0.750,11.7,0.506
L11525,South Africa,CRS-010,8.8,0.717,5.6,0.655
L11428,Egypt,CRS-013,17.5,0.388,-10.9,0.765
L13104,Egypt,CRS-006,8.5,0.545,-20.8,0.828
L13030,South Africa,CRS-008,0.0,0.608,-12.3,0.637
L14083,Egypt,CRS-014,1.9,0.769,7.5,0.625
L15388,South Africa,CRS-001,0.9,0.356,7.7,0.848
L12146,South Africa,CRS-005,33.5,0.979,-7.1,0.313
L12700,South Africa,CRS-004,1.9,0.786,-24.5,0.791
L10939,South Africa,CRS-012,0.8,0.876,-15.5,0.685
L11229,Egypt,CRS-008,0.8,0.573,-23.6,0.799
L14320,Egypt,CRS-009,7.8,0.718,6.0,0.694
L11905,Egypt,CRS-011,59.8,0.767,16.1,0.771
L12087,South Africa,CRS-008,3.3,0.609,-7.4,0.824
L12255,South Africa,CRS-014,4.7,0.574,-12.8,0.663
L11852,South Africa,CRS-009,24.4,0.638,-26.8,0.776
L13365,South Africa,CRS-007,7.9,0.812,12.7,0.847
L10340,Egypt,CRS-013,22.6,0.751,5.3,0.701
L10287,Egypt,CRS-008,10.0,0.935,26.6,0.807
L13596,South Africa,CRS-013,2.0,0.296,3.8,0.765
L11500,South Africa,CRS-001,1.9,0.638,-6.7,0.950
L10159,Egypt,CRS-011,3.5,0.812,7.3,0.881
L15139,South Africa,CRS-001,3.4,0.963,-8.2,0.541
L13020,Egypt,CRS-008,1.0,0.755,-5.5,0.449
L10599,South Africa,CRS-007,29.9,0.478,-3.5,0.597
L13374,Egypt,CRS-014,3.9,0.563,-16.0,0.771
L13951,Egypt,CRS-014,0.1,0.748,-2.7,0.865
L15363,South Africa,CRS-014,10.2,0.779,3.7,0.723
L13531,Egypt,CRS-004,2.2,0.840,-6.0,0.690
L10411,Egypt,CRS-012,22.3,0.744,-6.7,0.674
L12537,South Africa,CRS-011,2.1,0.880,-0.5,0.666
L10055,Egypt,CRS-014,2.3,0.346,0.4,0.653
L15054,Egypt,CRS-006,40.9,0.605,-12.0,0.757
L11210,Egypt,CRS-007,0.8,0.729,0.7,0.726
L13666,Egypt,CRS-012,41.3,0.645,3.0,0.806
L13242,South Africa,CRS-012,2.6,0.836,-28.1,0.608
L14371,South Africa,CRS-009,1.4,0.957,-6.5,0.597
L12375,Egypt,CRS-005,7.0,0.887,2.2,0.791
L10669,Egypt,CRS-008,0.9,0.731,-35.5,0.203
L11655,South Africa,CRS-006,9.1,0.941,-1.0,0.845
L11429,South Africa,CRS-015,11.3,0.345,12.4,0.761
L13189,South Africa,CRS-007,3.0,0.756,-12.3,0.369
L10807,Egypt,CRS-001,5.7,0.661,7.4,0.824
L13487,South Africa,CRS-012,2.3,0.831,-9.2,0.781
L10126,Egypt,CRS-008,0.8,0.923,7.0,0.681
L10797,Egypt,CRS-015,17.6,0.608,26.5,0.967
L10571,South Africa,CRS-005,1.4,0.796,-7.2,0.630
L13375,Egypt,CRS-012,24.0,0.630,14.0,0.669
L11236,Egypt,CRS-008,4.2,0.760,7.1,0.799
L10269,Egypt,CRS-010,5.3,0.772,-14.6,0.894
L13422,South Africa,CRS-004,3.9,0.742,2.1,0.735
L13667,South Africa,CRS-010,10.2,0.812,-3.1,0.475
L12481,South Africa,CRS-009,5.2,0.563,-2.8,0.681
L14356,South Africa,CRS-001,5.2,0.667,-3.4,0.697
L14055,South Africa,CRS-015,7.0,0.775,5.6,0.590
L12429,South Africa,CRS-015,0.2,0.777,0.2,0.774
L15368,Egypt,CRS-002,7.8,0.883,-16.0,0.798
L14198,South Africa,CRS-008,6.9,0.917,-32.8,0.944
L13027,South Africa,CRS-003,13.6,0.785,-26.4,0.824
L14740,South Africa,CRS-010,1.8,0.455,1.0,0.862
L12922,Egypt,CRS-010,11.4,0.682,-3.2,0.769
L14286,South Africa,CRS-003,5.5,0.642,7.8,0.647
L14102,South Africa,CRS-014,13.5,0.732,1.6,0.839
L12369,South Africa,CRS-013,0.4,0.793,-1.5,0.833
L14902,South Africa,CRS-011,18.0,0.793,8.6,0.758
L13476,South Africa,CRS-007,4.1,0.697,-12.0,0.578
L13083,South Africa,CRS-010,22.1,0.821,-3.6,0.359
L13789,South Africa,CRS-015,6.6,0.487,1.4,0.869
L13955,Egypt,CRS-010,15.0,0.591,2.8,0.561
L11261,South Africa,CRS-002,0.5,0.908,10.0,0.419
L13373,South Africa,CRS-014,4.6,0.756,7.8,0.693
L12568,South Africa,CRS-009,1.7,0.930,0.1,0.765
L11613,Egypt,CRS-012,5.3,0.679,-7.2,0.696
L11150,Egypt,CRS-013,0.6,0.500,13.6,0.649
L11889,Egypt,CRS-004,17.1,0.445,-24.4,0.628
L15228,Egypt,CRS-003,3.6,0.820,-5.4,0.579
L10227,Egypt,CRS-010,2.7,0.809,12.9,0.663
L10049,South Africa,CRS-010,3.0,0.626,-2.8,0.656
L14735,South Africa,CRS-011,1.0,0.935,-8.9,0.789
L10398,Egypt,CRS-007,1.4,0.721,7.8,0.565
L13013,Egypt,CRS-008,2.3,0.820,-17.7,0.773
L14922,South Africa,CRS-001,16.8,0.802,23.2,0.644
L11117,Egypt,CRS-012,2.1,0.580,4.1,0.256
L14543,Egypt,CRS-014,0.3,0.756,-0.3,0.558
L14640,Egypt,CRS-014,0.1,0.722,-5.2,0.606
L12969,Egypt,CRS-014,3.1,0.843,7.4,0.843
L12440,Egypt,CRS-015,15.8,0.626,8.2,0.663
L12340,South Africa,CRS-013,44.2,0.895,-4.4,0.578
L10410,Egypt,CRS-007,3.7,0.574,-0.9,0.591
L11375,Egypt,CRS-005,1.9,0.502,-21.8,0.509
L14792,Egypt,CRS-002,3.2,0.689,11.8,0.740
L10987,Egypt,CRS-006,0.4,0.305,2.5,0.689
L11506,South Africa,CRS-003,0.2,0.921,-7.5,0.700
L15265,South Africa,CRS-009,15.8,0.356,-8.8,0.738
L10442,Egypt,CRS-012,0.9,0.661,-37.4,0.975
L14498,Egypt,CRS-005,0.4,0.763,-48.6,0.121
L13011,Egypt,CRS-004,6.0,0.866,-9.6,0.713
L11135,South Africa,CRS-010,0.7,0.501,-10.7,0.747
L13152,South Africa,CRS-014,7.8,0.435,9.3,0.303
L15333,Egypt,CRS-011,4.7,0.738,7.6,0.835
L12480,Egypt,CRS-004,2.0,0.932,-18.7,0.703
L15352,South Africa,CRS-006,0.4,0.705,-0.5,0.831
L10711,Egypt,CRS-002,2.7,0.146,-5.7,0.769
L11439,South Africa,CRS-013,5.0,0.599,-8.0,0.427
L13703,South Africa,CRS-008,1.6,0.700,-8.8,0.717
L10896,South Africa,CRS-005,26.8,0.196,-9.8,0.745
L12892,South Africa,CRS-010,2.4,0.324,-5.1,0.921
L10223,Egypt,CRS-010,1.9,0.567,-1.6,0.564
L14888,South Africa,CRS-010,15.5,0.809,5.0,0.462
L15389,Egypt,CRS-001,3.1,0.925,-14.8,0.494
L13173,South Africa,CRS-007,8.1,0.842,-14.2,0.769
L13847,Egypt,CRS-011,6.3,0.592,-12.9,0.832
L13248,Egypt,CRS-008,3.7,0.889,1.2,0.781
L12156,South Africa,CRS-014,2.5,0.895,4.5,0.743
L14692,South Africa,CRS-013,4.3,0.192,-8.4,0.811
L14682,Egypt,CRS-013,2.3,0.301,-12.2,0.858
L12370,Egypt,CRS-010,3.6,0.721,-12.4,0.862
L15101,Egypt,CRS-005,6.9,0.338,-20.8,0.812
L14887,Egypt,CRS-013,8.3,0.726,2.7,0.702
L14256,South Africa,CRS-006,7.6,0.617,0.2,0.934
L10556,South Africa,CRS-007,4.0,0.478,-12.5,0.758
L12222,Egypt,CRS-013,5.6,0.816,-23.1,0.529
L13199,South Africa,CRS-002,5.4,0.698,-3.6,0.648
L10586,Egypt,CRS-006,7.7,0.457,-13.2,0.823
L13382,South Africa,CRS-006,3.3,0.756,17.2,0.719
L13305,South Africa,CRS-008,2.9,0.925,4.9,0.876
L11272,Egypt,CRS-005,6.4,0.699,10.1,0.499
L10080,South Africa,CRS-002,1.8,0.429,18.3,0.734
L11959,Egypt,CRS-001,5.7,0.592,-11.8,0.634
L12977,South Africa,CRS-015,3.1,0.506,3.6,0.830
L14600,Egypt,CRS-008,3.0,0.471,19.5,0.902
L11971,Egypt,CRS-011,10.0,0.643,-12.5,0.603
L13663,Egypt,CRS-008,8.6,0.720,15.2,0.731
L14318,South Africa,CRS-008,24.4,0.901,-24.4,0.732
L10182,Egypt,CRS-014,1.7,0.922,17.8,0.754
L11719,South Africa,CRS-005,5.0,0.454,10.4,0.545
L14540,South Africa,CRS-006,5.4,0.575,4.1,0.901
L11486,Egypt,CRS-014,17.4,0.139,-2.6,0.499
L10041,South Africa,CRS-010,4.3,0.319,-7.7,0.789
L15364,South Africa,CRS-009,8.0,0.561,-1.7,0.810
L13680,South Africa,CRS-013,3.3,0.642,-20.2,0.561
L11355,Egypt,CRS-010,16.9,0.849,-32.2,0.807
L12765,South Africa,CRS-013,3.4,0.850,2.6,0.845
L15245,Egypt,CRS-006,0.6,0.655,3.3,0.318
L13882,Egypt,CRS-002,9.4,0.607,22.5,0.633
L15258,South Africa,CRS-013,4.6,0.556,6.4,0.832
L13775,Egypt,CRS-009,1.8,0.846,9.0,0.333
L13608,Egypt,CRS-004,0.5,0.882,5.3,0.520
L11091,South Africa,CRS-008,53.4,0.433,-43.6,0.696
L13117,Egypt,CRS-015,16.4,0.311,2.7,0.722
L14516,Egypt,CRS-008,10.5,0.976,-12.7,0.202
L12360,Egypt,CRS-002,1.4,0.929,7.6,0.908
L11523,Egypt,CRS-015,1.5,0.715,10.5,0.757
L11611,Egypt,CRS-008,7.9,0.494,9.4,0.808
L11248,South Africa,CRS-006,3.8,0.721,-23.5,0.149
L11903,Egypt,CRS-014,9.7,0.606,-11.1,0.776
L13133,South Africa,CRS-002,5.8,0.376,-15.7,0.768
L10842,South Africa,CRS-012,4.9,0.678,5.4,0.748
L13638,South Africa,CRS-013,40.0,0.785,-4.4,0.899
L12131,Egypt,CRS-009,2.1,0.636,-9.7,0.614
L10351,Egypt,CRS-013,3.9,0.798,9.0,0.725
L12291,Egypt,CRS-009,0.9,0.184,1.9,0.883
L10430,South Africa,CRS-014,8.8,0.758,-15.2,0.622
L14393,South Africa,CRS-014,5.1,0.785,-4.6,0.836
L15339,Egypt,CRS-011,1.6,0.987,3.1,0.831
L12919,South Africa,CRS-013,10.8,0.841,-13.3,0.580
L10189,Egypt,CRS-014,12.7,0.912,4.4,0.608
L10679,Egypt,CRS-014,0.0,0.622,-38.3,0.621
L14795,Egypt,CRS-009,7.4,0.365,-8.8,0.918
L11566,Egypt,CRS-009,8.9,0.575,-7.5,0.701
L11728,Egypt,CRS-004,2.8,0.110,-4.5,0.804
L10025,Egypt,CRS-008,3.6,0.684,-2.2,0.441
L13404,South Africa,CRS-012,1.4,0.752,-7.2,0.762
L11354,South Africa,CRS-010,25.6,0.943,-22.8,0.653
L11717,Egypt,CRS-008,7.0,0.649,-5.5,0.831
L14321,South Africa,CRS-010,36.4,0.790,-43.0,0.824
L13820,South Africa,CRS-005,15.2,0.432,-2.9,0.777
L10524,Egypt,CRS-015,15.2,0.634,-0.2,0.717
L11583,South Africa,CRS-014,3.7,0.440,3.2,0.816
L13502,South Africa,CRS-008,8.8,0.758,-8.7,0.759
L10726,Egypt,CRS-012,8.5,0.595,5.3,0.799
L10566,Egypt,CRS-003,1.5,0.249,14.0,0.861
L11346,South Africa,CRS-013,2.9,0.713,-1.0,0.705
L14994,South Africa,CRS-013,33.2,0.855,-11.6,0.531
L14395,South Africa,CRS-005,0.2,0.597,8.0,0.805
L10867,Egypt,CRS-001,31.1,0.885,16.3,0.733
L10300,South Africa,CRS-005,6.4,0.971,-11.9,0.745
L12757,South Africa,CRS-005,2.7,0.745,-27.2,0.146
L11327,South Africa,CRS-002,1.2,0.596,-22.2,0.940
L10181,Egypt,CRS-004,1.3,0.851,1.2,0.863
L14425,South Africa,CRS-014,1.7,0.708,5.6,0.539
L10115,Egypt,CRS-007,6.3,0.920,-4.7,0.652
L14234,Egypt,CRS-008,15.5,0.619,-35.4,0.623
L10266,South Africa,CRS-003,6.6,0.849,-13.8,0.642
L13280,Egypt,CRS-015,8.6,0.855,24.5,0.522
L10604,South Africa,CRS-001,3.7,0.962,-48.7,0.715
L15182,South Africa,CRS-007,1.0,0.924,13.3,0.509
L10883,Egypt,CRS-008,13.6,0.701,4.8,0.688
L14933,Egypt,CRS-014,2.9,0.667,-6.5,0.892
L10959,Egypt,CRS-013,2.4,0.913,21.5,0.319
L12723,Egypt,CRS-008,20.3,0.212,13.3,0.437
L11171,South Africa,CRS-007,8.3,0.845,-13.2,0.300
L14541,South Africa,CRS-013,17.8,0.798,-10.2,0.648
L10373,South Africa,CRS-001,0.0,0.767,18.6,0.949
L14207,South Africa,CRS-011,7.5,0.799,-9.2,0.855
L12123,South Africa,CRS-010,6.1,0.800,13.0,0.667
L10814,Egypt,CRS-006,3.1,0.776,-1.5,0.543
L12200,South Africa,CRS-001,15.3,0.833,4.3,0.899
L13814,Egypt,CRS-015,41.0,0.252,-2.9,0.735
L14934,Egypt,CRS-012,6.3,0.634,3.5,0.439
L13324,South Africa,CRS-001,10.0,0.766,-4.7,0.924
L13673,Egypt,CRS-004,9.4,0.711,-11.1,0.830
L12805,South Africa,CRS-001,17.0,0.495,13.9,0.869
L11059,South Africa,CRS-011,1.7,0.130,-0.9,0.704
L11850,South Africa,CRS-009,1.6,0.964,-6.2,0.558
L13204,South Africa,CRS-002,6.1,0.841,6.7,0.791
L10067,South Africa,CRS-005,7.5,0.732,-21.4,0.876
L15047,South Africa,CRS-006,3.6,0.798,-2.9,0.415
L14893,Egypt,CRS-011,34.5,0.499,3.5,0.617
L13953,South Africa,CRS-008,0.8,0.722,-0.2,0.857
L11622,Egypt,CRS-014,6.4,0.496,-1.8,0.790
L14625,Egypt,CRS-014,18.4,0.517,-6.2,0.615
L15167,South Africa,CRS-010,26.9,0.551,12.9,0.699
L11077,South Africa,CRS-007,7.9,0.522,-9.0,0.642
L11867,Egypt,CRS-006,0.8,0.774,14.0,0.615
L15028,South Africa,CRS-013,30.0,0.257,5.0,0.600
L15256,Egypt,CRS-001,26.1,0.949,-0.6,0.527
L13064,Egypt,CRS-009,23.0,0.647,-7.8,0.722
L15316,South Africa,CRS-006,1.8,0.827,18.6,0.347
L15037,Egypt,CRS-005,7.3,0.870,7.3,0.785
L11266,South Africa,CRS-014,10.9,0.885,-4.2,0.649
L10054,South Africa,CRS-005,0.4,0.468,15.9,0.600
L12420,South Africa,CRS-004,1.2,0.737,-32.8,0.839
L10469,Egypt,CRS-007,4.6,0.686,-14.1,0.953
L14666,Egypt,CRS-005,0.1,0.662,5.7,0.436
L14152,South Africa,CRS-010,2.1,0.852,7.8,0.560
L11358,Egypt,CRS-006,1.8,0.702,0.2,0.642
L12934,Egypt,CRS-014,16.8,0.532,-5.8,0.593
L15142,Egypt,CRS-008,6.3,0.864,0.9,0.831
L10875,South Africa,CRS-010,27.7,0.648,-9.0,0.599
L15063,South Africa,CRS-014,1.9,0.871,-3.2,0.715
L14218,Egypt,CRS-004,2.1,0.646,-32.1,0.604
L10840,Egypt,CRS-008,0.4,0.381,-7.2,0.647
L10754,South Africa,CRS-008,2.4,0.908,0.1,0.844
L10862,Egypt,CRS-014,16.3,0.849,-21.8,0.727
L14347,Egypt,CRS-004,2.1,0.846,-19.0,0.663
L10928,South Africa,CRS-001,8.5,0.525,4.6,0.635
L12221,South Africa,CRS-007,1.3,0.338,25.5,0.883
L13203,South Africa,CRS-003,4.2,0.895,8.0,0.593
L15310,South Africa,CRS-002,4.6,0.713,-11.8,0.854
L10304,South Africa,CRS-008,5.3,0.301,12.7,0.478
L14377,Egypt,CRS-004,11.2,0.548,-3.2,0.841
L13299,South Africa,CRS-007,3.6,0.932,-14.9,0.741
L12912,Egypt,CRS-008,1.8,0.383,23.3,0.691
L12178,Egypt,CRS-005,18.5,0.645,-16.0,0.831
L15254,South Africa,CRS-013,0.1,0.561,-20.1,0.880
L10815,South Africa,CRS-007,2.1,0.788,2.6,0.273
L13610,South Africa,CRS-010,1.3,0.547,-20.0,0.858
L12708,Egypt,CRS-011,0.2,0.465,12.4,0.757
L11527,Egypt,CRS-002,3.8,0.864,-0.2,0.642
L10597,Egypt,CRS-008,1.3,0.874,-0.7,0.356
L10931,Egypt,CRS-010,0.2,0.595,13.7,0.313
L11231,Egypt,CRS-012,2.3,0.287,7.2,0.590
L14869,Egypt,CRS-015,21.5,0.150,2.0,0.771
L13824,South Africa,CRS-001,9.0,0.895,-1.1,0.696
L15024,South Africa,CRS-004,27.0,0.940,11.4,0.132
L10485,South Africa,CRS-003,23.4,0.590,-5.8,0.512
L10723,South Africa,CRS-008,2.3,0.709,14.8,0.810
L15224,Egypt,CRS-015,12.7,0.409,19.0,0.815
L11779,South Africa,CRS-006,3.4,0.496,18.7,0.725
L11384,South Africa,CRS-013,10.2,0.841,-29.3,0.834
L12167,South Africa,CRS-001,6.7,0.762,-0.1,0.649
L13613,South Africa,CRS-014,5.8,0.543,-19.3,0.658
L12598,Egypt,CRS-006,4.7,0.689,-7.2,0.813
L15349,South Africa,CRS-011,0.4,0.574,-16.9,0.866
L14962,South Africa,CRS-004,37.0,0.906,-7.7,0.757
L10555,South Africa,CRS-002,2.6,0.509,11.0,0.656
L11997,Egypt,CRS-012,13.9,0.956,5.6,0.670
L13730,Egypt,CRS-006,0.9,0.153,18.5,0.484
L11978,South Africa,CRS-010,6.9,0.802,8.6,0.420
L11187,South Africa,CRS-012,3.1,0.820,-10.5,0.667
L10197,South Africa,CRS-014,8.7,0.771,11.4,0.813
L15347,Egypt,CRS-011,3.0,0.725,18.1,0.495
L12899,South Africa,CRS-014,0.6,0.586,6.8,0.764
L12599,Egypt,CRS-003,5.1,0.733,15.2,0.650
L13111,South Africa,CRS-001,4.8,0.602,8.5,0.781
L11625,Egypt,CRS-004,13.4,0.535,-6.2,0.893
L14571,South Africa,CRS-006,17.9,0.818,-9.2,0.675
L11133,South Africa,CRS-008,10.2,0.796,-18.4,0.849
L10083,Egypt,CRS-014,13.3,0.395,11.1,0.183
L10545,Egypt,CRS-003,1.6,0.716,14.6,0.797
L15211,South Africa,CRS-005,2.0,0.738,-8.1,0.518
L15222,South Africa,CRS-014,27.2,0.973,5.9,0.818
L11846,Egypt,CRS-015,16.2,0.655,0.3,0.920
L11343,Egypt,CRS-004,8.5,0.728,5.4,0.544
L14585,South Africa,CRS-008,14.9,0.712,-3.0,0.725
L11410,South Africa,CRS-011,19.9,0.586,-0.4,0.491
L11156,Egypt,CRS-006,6.4,0.675,2.3,0.765
L11522,Egypt,CRS-001,0.1,0.902,-6.3,0.174
L12052,Egypt,CRS-015,2.7,0.638,-8.8,0.611
L12850,South Africa,CRS-006,45.5,0.601,10.5,0.262
L11397,South Africa,CRS-006,6.1,0.470,30.4,0.620
L11607,Egypt,CRS-002,14.8,0.834,-1.9,0.722
L12359,South Africa,CRS-002,24.4,0.604,-13.6,0.545
L10737,Egypt,CRS-004,22.9,0.656,-11.9,0.814
L10255,South Africa,CRS-008,12.6,0.884,-41.7,0.860
L10238,Egypt,CRS-012,0.6,0.852,14.1,0.505
L12541,Egypt,CRS-015,14.4,0.552,20.1,0.720
L13841,South Africa,CRS-004,14.6,0.932,17.7,0.479
L11780,Egypt,CRS-005,3.5,0.681,-3.5,0.685
L14481,Egypt,CRS-014,9.4,0.604,-19.1,0.875
L13480,Egypt,CRS-011,6.0,0.659,-28.2,0.789
L12762,Egypt,CRS-002,4.9,0.382,0.9,0.753
L10297,South Africa,CRS-015,6.4,0.668,-4.0,0.956
L14671,Egypt,CRS-007,4.8,0.878,4.1,0.692
L13325,Egypt,CRS-005,8.0,0.651,-32.8,0.616
L12276,Egypt,CRS-005,0.1,0.892,-7.1,0.241
L14487,South Africa,CRS-006,2.7,0.867,9.5,0.317
L13367,Egypt,CRS-003,6.4,0.570,3.7,0.848
L11759,South Africa,CRS-015,3.3,0.858,8.5,0.745
L13711,Egypt,CRS-008,6.6,0.767,-12.0,0.918
L12198,South Africa,CRS-011,8.3,0.667,5.9,0.714
L10581,South Africa,CRS-009,2.6,0.841,-4.2,0.924
L13207,South Africa,CRS-002,6.4,0.907,-6.6,0.528
L12542,Egypt,CRS-005,16.1,0.732,-29.6,0.697
L12352,Egypt,CRS-003,12.6,0.622,-12.4,0.775
L11348,Egypt,CRS-009,2.5,0.516,4.6,0.455
L15282,Egypt,CRS-005,3.7,0.153,-4.6,0.722
L13753,Egypt,CRS-007,8.2,0.536,-16.2,0.675
L13058,South Africa,CRS-015,6.1,0.561,-31.6,0.556
L14045,South Africa,CRS-015,3.6,0.722,-9.7,0.312
L10527,Egypt,CRS-002,3.9,0.556,1.0,0.821
L11427,South Africa,CRS-002,3.1,0.362,-44.7,0.740
L15231,Egypt,CRS-009,4.8,0.651,-7.3,0.436
L11874,South Africa,CRS-011,17.0,0.643,-22.5,0.674
L11646,Egypt,CRS-005,0.8,0.681,1.2,0.646
L12523,Egypt,CRS-010,21.9,0.819,15.3,0.614
L11508,South Africa,CRS-002,2.1,0.819,-1.8,0.767
L12284,South Africa,CRS-001,4.1,0.527,-0.0,0.594
L14002,South Africa,CRS-009,3.1,0.256,19.3,0.523
L12580,Egypt,CRS-014,33.6,0.710,2.4,0.713
L14011,South Africa,CRS-009,24.9,0.898,11.3,0.573
L13473,Egypt,CRS-012,2.0,0.886,-4.1,0.799
L14974,Egypt,CRS-006,7.0,0.469,19.0,0.778
L14364,Egypt,CRS-004,1.1,0.618,-11.2,0.340
L10503,Egypt,CRS-006,8.2,0.374,-8.4,0.728
L14760,South Africa,CRS-013,12.7,0.677,-7.6,0.761
L15052,Egypt,CRS-011,16.0,0.414,5.0,0.409
L10201,South Africa,CRS-002,9.5,0.414,-12.7,0.741
L10698,South Africa,CRS-008,5.6,0.924,2.2,0.712
L12153,Egypt,CRS-015,58.1,0.716,-11.5,0.802
L10362,South Africa,CRS-008,14.9,0.624,1.1,0.870
L10632,South Africa,CRS-011,13.6,0.249,-32.5,0.405
L11233,Egypt,CRS-012,25.6,0.507,-8.5,0.660
L13185,South Africa,CRS-013,6.3,0.491,-9.5,0.462
L11588,Egypt,CRS-009,18.9,0.753,12.9,0.850
L13499,South Africa,CRS-004,0.7,0.884,23.5,0.787
L13886,South Africa,CRS-015,1.7,0.716,23.0,0.764
L10112,Egypt,CRS-015,11.5,0.503,-2.8,0.714
L13428,Egypt,CRS-013,6.9,0.716,-13.9,0.830
L10812,Egypt,CRS-001,14.9,0.586,-3.2,0.477
L14712,South Africa,CRS-010,20.3,0.604,23.8,0.840
L10977,Egypt,CRS-009,9.5,0.549,-8.1,0.766
L11995,South Africa,CRS-014,0.4,0.671,-15.1,0.713
L15138,South Africa,CRS-001,26.9,0.665,-23.0,0.979
L14287,Egypt,CRS-003,2.6,0.800,25.7,0.499
L13328,South Africa,CRS-004,2.5,0.748,4.3,0.450
L12907,Egypt,CRS-009,18.6,0.876,6.0,0.772
L13745,South Africa,CRS-013,14.2,0.892,-3.2,0.472
L14678,Egypt,CRS-011,6.4,0.610,6.5,0.583
L13542,South Africa,CRS-001,1.1,0.673,1.6,0.714
L14006,South Africa,CRS-012,44.0,0.728,-11.2,0.934
L10195,South Africa,CRS-011,3.3,0.804,10.2,0.777
L10119,Egypt,CRS-011,12.6,0.792,9.2,0.713
L15094,Egypt,CRS-006,8.5,0.689,-1.3,0.849
L11832,South Africa,CRS-005,1.0,0.705,-5.8,0.337
L10008,South Africa,CRS-005,8.3,0.665,-8.5,0.289
L10141,Egypt,CRS-013,3.0,0.451,2.9,0.919
L10572,South Africa,CRS-009,3.1,0.453,-7.6,0.745
L14860,Egypt,CRS-012,32.6,0.669,-6.4,0.790
L10435,South Africa,CRS-003,4.6,0.558,19.9,0.671
L14532,South Africa,CRS-007,33.9,0.769,9.2,0.373
L12539,Egypt,CRS-010,13.6,0.683,-14.9,0.258
L10832,South Africa,CRS-003,3.4,0.578,-1.6,0.802
L13383,Egypt,CRS-011,1.1,0.650,14.3,0.860
L12095,South Africa,CRS-004,4.1,0.856,-12.9,0.720
L13643,Egypt,CRS-003,5.7,0.766,22.3,0.613
L11140,South Africa,CRS-012,0.3,0.863,-44.7,0.800
L14406,South Africa,CRS-013,2.4,0.843,-8.2,0.469
L11337,Egypt,CRS-006,13.8,0.884,24.6,0.964
L10528,South Africa,CRS-006,0.0,0.718,-16.3,0.866
L13605,South Africa,CRS-013,1.6,0.838,-0.5,0.618
L10981,Egypt,CRS-015,2.3,0.646,-1.3,0.564
L12102,South Africa,CRS-002,5.9,0.682,29.7,0.789
L11651,Egypt,CRS-003,8.8,0.659,-18.8,0.615
L10621,Egypt,CRS-002,16.0,0.454,-20.1,0.557
L10522,Egypt,CRS-009,7.9,0.591,0.5,0.845
L14421,Egypt,CRS-001,32.3,0.630,9.5,0.862
L10018,Egypt,CRS-002,20.6,0.941,13.9,0.749
L14881,South Africa,CRS-002,0.8,0.538,4.6,0.779
L13721,South Africa,CRS-008,0.3,0.810,-10.9,0.694
L11794,Egypt,CRS-004,3.4,0.502,6.1,0.616
L11596,Egypt,CRS-001,1.9,0.793,14.0,0.850
L10748,South Africa,CRS-011,0.4,0.551,3.6,0.867
L11071,Egypt,CRS-012,3.9,0.891,-24.6,0.742
L13358,South Africa,CRS-002,0.1,0.387,10.5,0.831
L13188,South Africa,CRS-012,1.1,0.346,7.6,0.900
L11706,South Africa,CRS-005,3.9,0.786,-11.9,0.112
L13217,Egypt,CRS-015,9.8,0.932,-0.5,0.695
L11725,Egypt,CRS-004,11.2,0.423,-6.0,0.909
L14013,Egypt,CRS-010,9.4,0.701,-1.6,0.593
L14080,South Africa,CRS-008,28.0,0.652,1.1,0.627
L10024,Egypt,CRS-013,8.2,0.864,4.7,0.918
L14732,South Africa,CRS-001,50.3,0.398,-6.4,0.605
L12040,Egypt,CRS-010,2.5,0.632,-43.4,0.554
L12698,Egypt,CRS-009,18.2,0.679,-6.0,0.745
L14553,South Africa,CRS-009,15.2,0.736,-15.3,0.663
L14789,South Africa,CRS-009,4.0,0.475,13.5,0.938
L10664,Egypt,CRS-010,3.2,0.281,-13.1,0.476
L11701,South Africa,CRS-001,0.4,0.632,-26.7,0.264
L14824,South Africa,CRS-014,6.5,0.418,8.0,0.913
L12466,South Africa,CRS-007,6.8,0.856,-48.5,0.841
L10132,South Africa,CRS-008,22.7,0.682,-23.6,0.780
L12677,Egypt,CRS-007,0.5,0.850,-22.7,0.820
L11430,South Africa,CRS-011,19.4,0.549,-19.0,0.737
L11235,South Africa,CRS-006,7.8,0.556,2.6,0.834
L10120,Egypt,CRS-007,8.9,0.811,-6.9,0.767
L15172,Egypt,CRS-013,3.5,0.936,1.7,0.895
L12710,Egypt,CRS-002,13.7,0.869,20.4,0.653
L11838,South Africa,CRS-015,21.8,0.446,2.1,0.749
L13437,South Africa,CRS-004,0.7,0.899,4.1,0.461
L13825,Egypt,CRS-010,6.7,0.653,-26.4,0.428
L13941,Egypt,CRS-012,1.9,0.862,9.0,0.726
L12162,South Africa,CRS-003,2.7,0.941,2.0,0.453
L14223,South Africa,CRS-009,29.2,0.497,7.8,0.770
L11383,Egypt,CRS-010,5.8,0.509,-34.7,0.928
L13138,Egypt,CRS-002,2.3,0.774,1.9,0.787
L10209,South Africa,CRS-001,15.0,0.923,16.8,0.846
L13833,Egypt,CRS-015,23.7,0.752,17.7,0.845
L14914,South Africa,CRS-008,4.4,0.374,8.6,0.717
L10031,South Africa,CRS-009,5.3,0.703,-23.5,0.552
L10886,South Africa,CRS-011,9.4,0.840,4.2,0.912
L10885,South Africa,CRS-012,3.4,0.769,5.0,0.592
L12327,South Africa,CRS-006,18.5,0.883,6.2,0.540
L13494,South Africa,CRS-006,9.2,0.533,-8.7,0.620
L14129,Egypt,CRS-008,1.1,0.499,5.1,0.563
L11785,Egypt,CRS-001,2.9,0.895,-0.2,0.912
L14339,Egypt,CRS-008,7.7,0.728,-17.1,0.665
L12709,South Africa,CRS-003,19.2,0.483,-15.4,0.734
L13035,Egypt,CRS-013,1.4,0.635,-26.3,0.839
L10319,Egypt,CRS-010,7.3,0.824,4.8,0.579
L14355,South Africa,CRS-002,2.4,0.510,21.9,0.983
L13168,Egypt,CRS-010,15.0,0.832,17.0,0.724
L12754,South Africa,CRS-005,12.9,0.731,-4.4,0.662
L14988,Egypt,CRS-011,14.0,0.545,8.5,0.859
L11702,South Africa,CRS-002,3.9,0.622,-5.9,0.885
L11360,South Africa,CRS-003,4.7,0.865,-0.6,0.246
L13754,Egypt,CRS-006,2.1,0.837,16.5,0.842
L13819,Egypt,CRS-013,26.3,0.379,8.2,0.631
L10068,South Africa,CRS-003,0.5,0.432,-10.4,0.600
L13710,South Africa,CRS-013,2.2,0.792,0.3,0.189
L11743,Egypt,CRS-011,5.5,0.986,14.0,0.765
L10380,Egypt,CRS-014,4.5,0.744,-14.5,0.658
L11833,Egypt,CRS-003,58.4,0.505,4.2,0.649
L13109,South Africa,CRS-004,12.1,0.607,-2.4,0.644
L13482,South Africa,CRS-002,2.5,0.630,2.8,0.938
L14650,Egypt,CRS-012,16.9,0.838,-12.8,0.803
L11572,Egypt,CRS-008,2.4,0.634,13.2,0.803
L11270,Egypt,CRS-003,3.5,0.369,1.0,0.865
L11181,South Africa,CRS-009,4.4,0.757,-0.1,0.823
L14295,Egypt,CRS-009,6.3,0.697,-23.5,0.913
L10865,South Africa,CRS-005,0.0,0.652,15.4,0.371
L15029,South Africa,CRS-005,9.8,0.730,-3.7,0.228
L12587,South Africa,CRS-003,32.2,0.737,-4.3,0.653
L14349,Egypt,CRS-010,5.3,0.829,-5.3,0.933
L12366,Egypt,CRS-015,0.4,0.915,-16.6,0.817
L13724,South Africa,CRS-015,2.4,0.585,-3.6,0.419
L13001,Egypt,CRS-007,15.8,0.814,12.0,0.754
L13743,South Africa,CRS-003,0.5,0.790,-6.1,0.824
L14895,Egypt,CRS-015,5.5,0.646,-5.3,0.750
L13545,South Africa,CRS-011,7.0,0.776,-4.0,0.909
L14691,South Africa,CRS-002,0.8,0.808,16.6,0.799
L14626,Egypt,CRS-015,1.4,0.476,-5.5,0.744
L12993,South Africa,CRS-011,17.3,0.619,-36.5,0.607
L12469,Egypt,CRS-012,1.7,0.304,-4.2,0.937
L11981,South Africa,CRS-007,5.1,0.912,-4.3,0.692
L14685,Egypt,CRS-001,20.3,0.732,-27.0,0.265
L13914,Egypt,CRS-012,3.3,0.709,-2.4,0.240
L14023,Egypt,CRS-005,0.3,0.515,8.0,0.748
L13508,Egypt,CRS-006,3.7,0.850,8.0,0.975
L14396,South Africa,CRS-014,3.7,0.370,3.1,0.434
L11265,South Africa,CRS-014,54.6,0.555,1.6,0.545
L14092,Egypt,CRS-014,0.8,0.340,9.6,0.517
L13347,Egypt,CRS-014,3.0,0.561,9.1,0.506
L15174,Egypt,CRS-004,16.1,0.670,20.5,0.823
L13899,South Africa,CRS-008,3.5,0.488,-23.6,0.487
L14404,South Africa,CRS-011,1.7,0.830,1.8,0.732
L11803,Egypt,CRS-015,5.6,0.378,-25.9,0.393
L12364,Egypt,CRS-014,1.1,0.618,0.9,0.643
L12134,South Africa,CRS-010,2.0,0.748,-27.5,0.559
L13069,Egypt,CRS-007,7.6,0.870,9.5,0.677
L10705,Egypt,CRS-012,0.3,0.876,-6.2,0.803
L12383,South Africa,CRS-009,8.1,0.503,-3.1,0.607
L11612,Egypt,CRS-003,10.3,0.715,-28.7,0.468
L14591,Egypt,CRS-011,27.4,0.490,4.7,0.642
L13355,South Africa,CRS-014,8.5,0.725,10.5,0.873
L12046,South Africa,CRS-008,4.7,0.728,-12.3,0.706
L10620,South Africa,CRS-015,16.1,0.825,23.9,0.758
L14361,Egypt,CRS-001,7.4,0.964,-17.2,0.463
L14644,Egypt,CRS-014,15.6,0.696,3.5,0.619
L11450,Egypt,CRS-015,7.9,0.864,-3.4,0.804
L14854,Egypt,CRS-003,1.6,0.638,20.9,0.762
L15098,South Africa,CRS-015,13.5,0.715,-0.2,0.650
L10700,Egypt,CRS-014,7.5,0.703,-19.5,0.908
L13945,Egypt,CRS-003,21.4,0.758,11.1,0.736
L14629,South Africa,CRS-008,25.7,0.856,-7.5,0.841
L14752,South Africa,CRS-010,0.7,0.727,-4.0,0.391
L11104,Egypt,CRS-011,7.4,0.144,27.1,0.940
L10412,South Africa,CRS-005,57.5,0.683,5.1,0.899
L11547,South Africa,CRS-014,3.3,0.312,4.1,0.523
L14156,South Africa,CRS-004,20.4,0.872,17.0,0.666
L12082,Egypt,CRS-008,2.2,0.769,9.7,0.741
L11282,South Africa,CRS-001,8.2,0.742,0.7,0.989
L15223,Egypt,CRS-014,2.3,0.215,-10.7,0.688
L10404,South Africa,CRS-005,2.7,0.699,24.1,0.860
L12952,South Africa,CRS-014,23.4,0.471,-4.0,0.747
L11942,Egypt,CRS-004,5.3,0.752,0.9,0.828
L12354,South Africa,CRS-013,36.6,0.646,-26.0,0.599
L14976,South Africa,CRS-015,1.4,0.557,-5.0,0.416
L13255,South Africa,CRS-003,30.2,0.635,-9.6,0.801
L12319,South Africa,CRS-010,5.9,0.382,7.8,0.786
L13548,South Africa,CRS-008,5.2,0.587,3.3,0.138
L14015,Egypt,CRS-008,1.8,0.383,-19.8,0.811
L11331,South Africa,CRS-015,14.8,0.118,7.6,0.812
L10964,South Africa,CRS-008,4.7,0.757,-11.4,0.531
L10918,South Africa,CRS-010,11.0,0.426,-14.5,0.475
L11105,South Africa,CRS-006,0.6,0.938,-4.4,0.795
L12681,South Africa,CRS-005,6.2,0.850,8.0,0.756
L13335,South Africa,CRS-011,11.2,0.537,9.6,0.760
L14819,South Africa,CRS-009,29.2,0.872,-22.9,0.182
L10021,South Africa,CRS-001,20.0,0.421,-15.8,0.634
L14563,South Africa,CRS-007,1.0,0.894,2.2,0.575
L14968,Egypt,CRS-012,8.6,0.902,17.6,0.645
L12917,South Africa,CRS-007,6.5,0.805,19.4,0.885
L11723,South Africa,CRS-013,12.5,0.365,-26.8,0.826
L15385,South Africa,CRS-006,21.5,0.721,-13.4,0.595
L14062,South Africa,CRS-006,9.6,0.935,6.1,0.754
L10259,Egypt,CRS-014,9.2,0.718,-4.1,0.922
L13398,South Africa,CRS-012,3.9,0.785,-3.6,0.968
L11250,Egypt,CRS-009,6.3,0.834,-2.7,0.467
L11338,South Africa,CRS-009,19.4,0.638,5.2,0.752
L10938,South Africa,CRS-002,7.2,0.731,-4.6,0.619
L11431,South Africa,CRS-008,3.3,0.584,4.5,0.856
L10011,South Africa,CRS-014,10.5,0.621,4.8,0.607
L14222,South Africa,CRS-003,8.7,0.790,-11.7,0.593
L12235,South Africa,CRS-005,1.8,0.225,7.6,0.856
L15043,Egypt,CRS-006,0.9,0.812,2.1,0.821
L13890,South Africa,CRS-006,24.9,0.637,0.6,0.655
L10741,Egypt,CRS-008,9.4,0.691,15.7,0.799
L14064,Egypt,CRS-004,7.0,0.825,12.8,0.556
L14233,Egypt,CRS-005,13.4,0.734,-10.1,0.744
L13946,South Africa,CRS-003,2.5,0.582,-21.9,0.814
L10214,Egypt,CRS-003,3.1,0.794,2.7,0.938
L12204,Egypt,CRS-002,1.0,0.734,-1.7,0.732
L13441,Egypt,CRS-002,26.3,0.325,17.2,0.465
L10329,South Africa,CRS-008,0.9,0.857,17.0,0.421
L14904,South Africa,CRS-014,3.6,0.661,1.1,0.755
L10086,Egypt,CRS-003,27.6,0.197,-22.1,0.832
L13137,Egypt,CRS-003,4.7,0.669,-37.2,0.618
L12219,South Africa,CRS-010,3.3,0.794,0.8,0.912
L11119,South Africa,CRS-007,4.5,0.142,-17.6,0.798
L15159,Egypt,CRS-009,1.2,0.897,-0.3,0.712
L13194,Egypt,CRS-009,17.2,0.879,2.4,0.459
L15288,Egypt,CRS-015,3.4,0.972,-9.0,0.927
L15214,Egypt,CRS-004,7.7,0.379,-5.4,0.830
L11847,Egypt,CRS-013,0.9,0.921,-21.0,0.689
L11844,Egypt,CRS-008,0.6,0.957,12.6,0.477
L13770,South Africa,CRS-004,11.6,0.875,-26.6,0.750
L13090,Egypt,CRS-010,13.3,0.688,-11.7,0.501
L14193,South Africa,CRS-004,2.5,0.509,-20.4,0.895
L13793,Egypt,CRS-009,11.8,0.967,4.0,0.597
L13747,Egypt,CRS-012,25.8,0.910,17.2,0.902
L10406,Egypt,CRS-011,0.8,0.846,-5.4,0.482
L14992,South Africa,CRS-004,8.0,0.691,12.6,0.387
L10438,Egypt,CRS-002,1.8,0.834,11.4,0.365
L12876,Egypt,CRS-006,10.7,0.932,-8.3,0.615
L14203,Egypt,CRS-014,22.1,0.844,22.9,0.734
L12107,Egypt,CRS-011,8.3,0.933,-2.8,0.468
L11671,South Africa,CRS-011,5.9,0.646,8.2,0.919
L14476,Egypt,CRS-002,9.1,0.351,10.7,0.677
L14324,South Africa,CRS-006,12.9,0.354,-15.7,0.656
L11205,Egypt,CRS-014,8.9,0.927,6.7,0.648
L14105,Egypt,CRS-012,6.2,0.902,4.9,0.630
L12435,Egypt,CRS-008,6.6,0.874,10.2,0.623
L12887,South Africa,CRS-005,7.1,0.674,25.5,0.602
L14548,South Africa,CRS-006,1.0,0.958,8.6,0.907
L10680,South Africa,CRS-015,0.7,0.912,12.3,0.766
L14951,South Africa,CRS-007,6.8,0.840,-22.3,0.553
L13187,South Africa,CRS-002,1.1,0.897,-12.5,0.612
L10795,South Africa,CRS-009,0.2,0.668,11.4,0.752
L14576,Egypt,CRS-007,7.5,0.881,28.1,0.692
L15335,South Africa,CRS-011,11.9,0.525,6.3,0.725
L11143,South Africa,CRS-006,0.8,0.928,20.8,0.767
L13722,Egypt,CRS-001,1.8,0.950,-8.0,0.538
L12947,Egypt,CRS-010,2.9,0.771,7.5,0.838
L12965,Egypt,CRS-001,5.3,0.486,6.7,0.900
L12079,South Africa,CRS-006,10.4,0.870,14.9,0.863
L11002,Egypt,CRS-004,3.6,0.775,9.6,0.939
L13413,South Africa,CRS-005,10.9,0.874,30.1,0.599
L11448,Egypt,CRS-005,7.9,0.790,10.2,0.755
L15394,Egypt,CRS-003,11.9,0.969,-3.1,0.632
L14554,South Africa,CRS-004,18.7,0.689,15.0,0.634
L13969,South Africa,CRS-015,53.3,0.448,4.0,0.982
L12689,South Africa,CRS-013,5.7,0.714,-1.7,0.749
L14928,Egypt,CRS-007,2.1,0.590,3.3,0.406
L15049,Egypt,CRS-013,7.9,0.811,-11.7,0.886
L13158,South Africa,CRS-010,1.6,0.590,14.5,0.781
L11733,South Africa,CRS-002,3.1,0.466,4.6,0.750
L15010,Egypt,CRS-003,1.4,0.745,-12.2,0.486
L14124,Egypt,CRS-013,11.9,0.987,-13.3,0.750
L12150,Egypt,CRS-008,5.3,0.514,-12.6,0.877
L15281,South Africa,CRS-007,10.6,0.940,11.9,0.831
L15392,Egypt,CRS-008,11.5,0.673,-8.8,0.336
L10523,South Africa,CRS-005,30.1,0.950,4.2,0.788
L13656,South Africa,CRS-001,0.4,0.807,-6.1,0.718
L10575,Egypt,CRS-002,9.4,0.841,17.7,0.921
L13162,Egypt,CRS-002,14.3,0.591,16.7,0.341
L10378,Egypt,CRS-015,1.0,0.656,-19.3,0.438
L13774,Egypt,CRS-014,1.4,0.650,19.1,0.747
L10512,South Africa,CRS-013,6.0,0.707,-6.3,0.508
L12768,Egypt,CRS-007,2.0,0.468,5.0,0.708
L13388,Egypt,CRS-005,40.1,0.383,10.4,0.697
L12634,Egypt,CRS-009,7.7,0.649,-12.6,0.332
L14301,South Africa,CRS-006,5.5,0.520,15.0,0.579
L13601,South Africa,CRS-014,14.6,0.476,15.3,0.918
L14940,Egypt,CRS-008,3.1,0.882,1.3,0.855
L13059,South Africa,CRS-004,2.7,0.818,-0.4,0.770
L11299,South Africa,CRS-008,2.7,0.557,0.3,0.857
L11617,Egypt,CRS-003,6.4,0.914,-15.2,0.766
L12988,Egypt,CRS-011,4.3,0.870,-4.2,0.825
L15104,Egypt,CRS-012,6.7,0.618,24.8,0.912
L13550,Egypt,CRS-014,3.8,0.735,-38.6,0.911
L13687,South Africa,CRS-008,20.6,0.656,5.6,0.861
L13249,South Africa,CRS-014,4.4,0.485,-16.7,0.647
L12310,South Africa,CRS-004,17.9,0.242,-12.2,0.433
L14852,South Africa,CRS-013,2.6,0.756,16.1,0.438
L14892,Egypt,CRS-006,40.3,0.760,-1.3,0.411
L12126,Egypt,CRS-001,5.6,0.814,-22.0,0.777
L14848,Egypt,CRS-009,7.3,0.728,10.3,0.770
L12804,South Africa,CRS-012,1.9,0.866,4.7,0.675
L11652,South Africa,CRS-002,5.3,0.370,-0.9,0.591
L14001,Egypt,CRS-002,23.8,0.743,2.2,0.679
L14348,South Africa,CRS-004,6.5,0.505,14.3,0.812
L10663,South Africa,CRS-010,19.2,0.616,-10.9,0.915
L15122,Egypt,CRS-005,25.4,0.753,-20.2,0.797
L10445,Egypt,CRS-006,1.4,0.711,12.9,0.712
L11092,Egypt,CRS-013,1.0,0.617,-3.1,0.752
L12693,Egypt,CRS-006,9.4,0.541,0.6,0.763
L15153,South Africa,CRS-012,6.8,0.508,-7.9,0.631
L11781,South Africa,CRS-014,14.7,0.639,35.2,0.740
L12896,Egypt,CRS-015,4.9,0.668,-1.5,0.609
L13349,Egypt,CRS-003,1.3,0.799,3.5,0.629
L14617,South Africa,CRS-010,14.7,0.581,2.4,0.816
L11952,South Africa,CRS-005,11.5,0.741,-24.7,0.749
L13215,Egypt,CRS-010,11.7,0.577,18.9,0.555
L14467,South Africa,CRS-003,8.8,0.553,2.4,0.744
L11464,Egypt,CRS-005,2.5,0.810,4.3,0.805
L11546,South Africa,CRS-010,4.2,0.445,0.8,0.898
L13124,South Africa,CRS-005,5.2,0.738,-15.1,0.740
L10614,South Africa,CRS-010,47.8,0.797,-4.4,0.882
L10166,South Africa,CRS-009,11.6,0.745,-13.1,0.607
L13544,Egypt,CRS-005,16.1,0.846,-2.7,0.494
L12293,Egypt,CRS-009,23.3,0.110,2.4,0.943
L12719,Egypt,CRS-013,6.4,0.421,-37.9,0.406
L11412,Egypt,CRS-012,8.8,0.864,2.2,0.570
L15234,South Africa,CRS-008,11.9,0.813,-1.9,0.787
L12908,Egypt,CRS-010,1.3,0.607,17.3,0.853
L15192,South Africa,CRS-012,10.3,0.610,-19.9,0.923
L13835,South Africa,CRS-011,59.4,0.745,-4.1,0.702
L11072,South Africa,CRS-014,9.9,0.729,-42.0,0.869
L14977,South Africa,CRS-014,0.3,0.918,-18.1,0.813
L11513,South Africa,CRS-001,7.5,0.820,6.8,0.555
L13394,South Africa,CRS-012,0.7,0.587,6.3,0.790
L10561,South Africa,CRS-012,0.2,0.790,-5.6,0.869
L12492,South Africa,CRS-005,6.9,0.664,14.3,0.675
L14747,South Africa,CRS-011,10.6,0.873,-12.2,0.731
L14258,South Africa,CRS-014,8.4,0.775,-3.0,0.360
L15163,Egypt,CRS-006,5.4,0.845,-9.7,0.840
L13628,South Africa,CRS-011,7.8,0.384,-2.7,0.662
L12902,South Africa,CRS-003,1.9,0.552,3.8,0.714
L15027,South Africa,CRS-013,9.2,0.593,5.2,0.921
L13450,South Africa,CRS-013,10.9,0.682,8.6,0.704
L14112,South Africa,CRS-001,5.4,0.504,0.8,0.915
L10121,South Africa,CRS-007,1.9,0.982,11.6,0.684
L13892,South Africa,CRS-001,26.1,0.860,-9.3,0.955
L10839,South Africa,CRS-004,4.4,0.933,1.2,0.887
L14400,South Africa,CRS-007,5.5,0.851,17.2,0.623
L15073,South Africa,CRS-006,26.1,0.863,-6.3,0.554
L11377,South Africa,CRS-005,37.2,0.823,5.0,0.714
L13213,Egypt,CRS-001,1.6,0.759,0.7,0.890
L10978,South Africa,CRS-003,28.1,0.191,2.8,0.698
L13812,Egypt,CRS-014,2.7,0.834,-38.3,0.800
L11001,South Africa,CRS-006,16.7,0.763,-1.6,0.595
L13260,Egypt,CRS-007,55.2,0.796,4.0,0.501
L12746,Egypt,CRS-011,0.8,0.680,2.6,0.926
L10390,Egypt,CRS-003,6.2,0.797,5.6,0.675
L13352,Egypt,CRS-007,2.6,0.607,16.0,0.820
L12194,South Africa,CRS-015,1.7,0.644,9.2,0.677
L13676,South Africa,CRS-014,16.5,0.880,3.8,0.804
L14367,South Africa,CRS-002,4.3,0.826,5.1,0.803
L13698,South Africa,CRS-007,8.7,0.539,-4.5,0.811
L12792,South Africa,CRS-004,2.0,0.708,0.1,0.317
L12080,South Africa,CRS-006,10.7,0.423,-10.9,0.674
L11402,South Africa,CRS-010,6.9,0.880,-6.0,0.878
L13739,South Africa,CRS-004,3.1,0.670,8.4,0.646
L10876,South Africa,CRS-011,2.6,0.685,-12.9,0.799
L12501,Egypt,CRS-002,0.5,0.546,-3.0,0.771
L14684,Egypt,CRS-001,53.4,0.710,6.8,0.740
L11160,South Africa,CRS-006,4.2,0.606,-9.4,0.817
L12720,Egypt,CRS-001,2.7,0.798,5.2,0.656
L11641,South Africa,CRS-005,19.4,0.966,14.1,0.570
L12451,South Africa,CRS-012,3.0,0.595,-8.9,0.574
L10850,Egypt,CRS-011,4.6,0.713,-12.4,0.750
L11426,Egypt,CRS-007,10.5,0.832,-11.1,0.763
L11615,Egypt,CRS-009,0.9,0.482,-6.3,0.765
L11624,Egypt,CRS-012,1.7,0.902,3.7,0.397
L13798,South Africa,CRS-009,3.5,0.675,18.3,0.667
L14961,South Africa,CRS-010,13.9,0.722,-20.4,0.819
L11750,Egypt,CRS-010,32.8,0.459,7.8,0.606
L15263,South Africa,CRS-004,0.6,0.623,15.3,0.322
L13714,South Africa,CRS-015,7.2,0.607,12.7,0.394
L13772,Egypt,CRS-002,12.5,0.646,-12.6,0.691
L13929,Egypt,CRS-011,2.7,0.621,7.4,0.660
L15044,South Africa,CRS-002,15.4,0.643,-47.5,0.800
L13839,Egypt,CRS-015,4.6,0.634,7.0,0.676
L14469,South Africa,CRS-014,2.5,0.184,-3.3,0.931
L10289,South Africa,CRS-011,12.3,0.896,-19.4,0.621
L13661,South Africa,CRS-015,0.9,0.153,-14.6,0.721
L14733,South Africa,CRS-015,10.4,0.636,-4.6,0.221
L13715,South Africa,CRS-011,35.0,0.384,-40.4,0.613
L11826,South Africa,CRS-008,8.7,0.825,8.7,0.973
L12487,Egypt,CRS-002,5.6,0.497,-6.2,0.632
L12808,Egypt,CRS-010,2.0,0.661,17.5,0.677
L12081,Egypt,CRS-006,6.0,0.174,5.9,0.941
L13271,Egypt,CRS-015,22.7,0.461,-1.5,0.522
L11985,Egypt,CRS-006,1.4,0.556,7.6,0.689
L12436,Egypt,CRS-005,4.5,0.904,6.0,0.659
L13378,South Africa,CRS-011,0.8,0.724,-16.3,0.717
L11194,Egypt,CRS-007,19.5,0.679,-9.0,0.839
L15015,Egypt,CRS-015,0.6,0.747,-11.4,0.412
L13233,Egypt,CRS-003,0.9,0.471,17.1,0.848
L15326,South Africa,CRS-009,4.5,0.474,-5.7,0.577
L15340,Egypt,CRS-004,0.5,0.636,5.1,0.471
L12077,South Africa,CRS-002,0.5,0.731,10.5,0.575
L10316,South Africa,CRS-011,1.7,0.665,-1.0,0.670
L11790,South Africa,CRS-004,37.4,0.644,-23.7,0.680
L12582,Egypt,CRS-008,4.6,0.648,-8.2,0.729
L13024,Egypt,CRS-002,0.4,0.868,14.9,0.798
L13151,South Africa,CRS-002,1.9,0.802,-11.5,0.545
L14326,South Africa,CRS-009,23.7,0.902,16.4,0.752
L13939,Egypt,CRS-008,4.7,0.945,2.1,0.664
L10172,South Africa,CRS-009,9.9,0.587,-8.5,0.595
L12044,South Africa,CRS-012,13.5,0.449,-13.5,0.665
L14094,Egypt,CRS-014,0.7,0.933,-2.2,0.878
L12663,Egypt,CRS-011,6.3,0.437,-21.9,0.840
L13060,Egypt,CRS-004,12.1,0.865,4.7,0.765
L15210,South Africa,CRS-013,7.4,0.764,10.2,0.660
L10490,Egypt,CRS-011,5.5,0.830,3.5,0.572
L14004,Egypt,CRS-014,10.3,0.917,-3.2,0.961
L12068,Egypt,CRS-008,3.8,0.489,-20.6,0.768
L13942,Egypt,CRS-011,15.1,0.506,7.2,0.164
L12019,South Africa,CRS-006,0.4,0.661,-11.5,0.760
L14039,Egypt,CRS-005,2.0,0.787,13.3,0.402
L10645,South Africa,CRS-002,0.2,0.784,1.3,0.744
L14916,South Africa,CRS-005,14.9,0.649,3.6,0.850
L13221,Egypt,CRS-003,9.5,0.607,-5.1,0.874
L10915,South Africa,CRS-004,2.8,0.155,-7.6,0.841
L12830,Egypt,CRS-004,7.5,0.939,0.6,0.932
L15184,South Africa,CRS-013,10.4,0.570,4.8,0.567
L11460,South Africa,CRS-014,12.8,0.919,2.0,0.771
L12165,Egypt,CRS-001,4.5,0.266,-14.5,0.399
L10756,Egypt,CRS-004,2.5,0.767,-18.1,0.714
L13861,Egypt,CRS-004,0.6,0.785,-34.9,0.379
L13399,Egypt,CRS-012,1.1,0.758,-1.4,0.556
L10167,South Africa,CRS-006,16.6,0.491,-13.9,0.362
L12750,South Africa,CRS-011,2.9,0.759,0.1,0.759
L11642,South Africa,CRS-010,20.3,0.809,-25.3,0.329
L13768,Egypt,CRS-010,12.7,0.650,6.9,0.693
L13668,South Africa,CRS-011,1.1,0.576,-31.6,0.875
L10656,Egypt,CRS-011,8.2,0.367,-3.1,0.691
L11773,Egypt,CRS-012,2.2,0.441,3.8,0.577
L13100,South Africa,CRS-006,2.2,0.612,11.0,0.501
L15046,Egypt,CRS-010,4.2,0.954,0.1,0.644
L12674,Egypt,CRS-007,7.3,0.860,10.3,0.793
L11031,Egypt,CRS-012,8.8,0.695,-48.5,0.804
L11806,South Africa,CRS-009,1.0,0.685,2.7,0.422
L12926,Egypt,CRS-011,5.1,0.570,9.7,0.623
L14991,South Africa,CRS-010,0.8,0.970,-1.0,0.722
L10942,Egypt,CRS-013,10.6,0.574,9.1,0.731
L10425,Egypt,CRS-007,1.8,0.648,3.4,0.620
L11716,Egypt,CRS-001,12.7,0.577,2.4,0.777
L13972,Egypt,CRS-002,17.6,0.547,8.6,0.769
L10357,South Africa,CRS-012,11.1,0.578,-7.6,0.741
L12774,Egypt,CRS-006,8.3,0.898,-6.5,0.729
L11988,Egypt,CRS-010,4.3,0.709,12.0,0.534
L10775,South Africa,CRS-006,17.9,0.577,-6.5,0.744
L12807,South Africa,CRS-007,33.3,0.851,-10.7,0.749
L12874,Egypt,CRS-015,7.4,0.782,-1.5,0.663
L14038,South Africa,CRS-014,5.1,0.515,3.2,0.683
L10383,Egypt,CRS-008,6.3,0.550,11.4,0.896
L13342,Egypt,CRS-011,6.1,0.924,-17.4,0.862
L12384,Egypt,CRS-001,13.9,0.861,7.4,0.907
L12423,Egypt,CRS-011,6.2,0.713,-1.2,0.578
L14288,Egypt,CRS-013,1.3,0.607,-29.6,0.588
L14438,South Africa,CRS-014,5.3,0.805,-1.6,0.592
L12088,South Africa,CRS-014,2.7,0.406,0.3,0.694
L13572,South Africa,CRS-015,19.4,0.682,-13.5,0.858
L13318,Egypt,CRS-002,11.9,0.816,15.3,0.763
L11490,Egypt,CRS-004,50.7,0.664,1.0,0.786
L14655,South Africa,CRS-005,0.2,0.649,2.6,0.440
L12937,Egypt,CRS-006,4.1,0.763,2.9,0.840
L12602,Egypt,CRS-013,27.1,0.283,-21.5,0.795
L11970,Egypt,CRS-011,13.9,0.891,6.8,0.543
L12513,Egypt,CRS-001,3.1,0.433,-4.5,0.566
L14566,South Africa,CRS-010,5.4,0.904,6.5,0.876
L13716,South Africa,CRS-008,0.6,0.879,-9.6,0.407
L13057,Egypt,CRS-010,26.0,0.706,15.6,0.724
L13971,South Africa,CRS-006,4.1,0.957,-5.9,0.490
L15154,Egypt,CRS-007,5.7,0.446,-1.1,0.732
L13849,Egypt,CRS-006,4.6,0.430,-4.5,0.739
L14439,South Africa,CRS-012,0.4,0.556,-5.5,0.926
L14485,South Africa,CRS-011,17.0,0.834,3.7,0.771
L14670,Egypt,CRS-011,12.4,0.782,-2.2,0.873
L13700,South Africa,CRS-012,10.6,0.409,3.9,0.591
L13943,Egypt,CRS-004,1.9,0.753,-5.2,0.454
L12620,South Africa,CRS-008,5.2,0.411,-10.8,0.773
L13713,Egypt,CRS-010,22.2,0.722,-11.6,0.848
L14754,Egypt,CRS-015,3.2,0.939,-9.6,0.538
L11907,South Africa,CRS-008,10.9,0.890,9.5,0.678
L14458,South Africa,CRS-007,33.7,0.918,-43.1,0.485
L14020,Egypt,CRS-014,0.9,0.525,-12.7,0.959
L11109,Egypt,CRS-008,0.7,0.872,-7.7,0.706
L13384,Egypt,CRS-002,2.2,0.892,2.1,0.925
L10187,Egypt,CRS-006,1.2,0.718,-35.0,0.901
L12238,Egypt,CRS-009,3.5,0.561,-1.3,0.683
L14444,Egypt,CRS-015,0.1,0.819,-35.9,0.888
L11679,Egypt,CRS-003,3.9,0.783,19.0,0.312
L14816,Egypt,CRS-001,1.3,0.561,-37.7,0.692
L10291,South Africa,CRS-006,5.2,0.727,5.7,0.817
L10242,Egypt,CRS-015,4.3,0.762,-4.0,0.735
L12835,South Africa,CRS-011,8.0,0.685,-9.2,0.826
L14917,Egypt,CRS-008,0.1,0.627,-0.9,0.845
L10375,Egypt,CRS-008,28.8,0.754,-11.8,0.935
L11093,South Africa,CRS-004,0.8,0.137,22.1,0.633
L12770,South Africa,CRS-009,2.6,0.959,0.1,0.921
L14165,South Africa,CRS-005,7.6,0.754,-2.2,0.320
L14300,South Africa,CRS-002,0.6,0.633,11.4,0.667
L10841,South Africa,CRS-006,1.5,0.721,8.1,0.731
L10176,Egypt,CRS-001,6.0,0.552,0.9,0.831
L13629,South Africa,CRS-006,5.9,0.732,10.5,0.831
L14471,Egypt,CRS-011,1.6,0.782,-6.1,0.843
L12459,South Africa,CRS-014,18.0,0.922,-2.0,0.932
L14289,South Africa,CRS-009,4.4,0.820,7.2,0.647
L10419,Egypt,CRS-012,12.8,0.729,-8.5,0.704
L10033,Egypt,CRS-012,9.5,0.623,-13.9,0.884
L12847,South Africa,CRS-011,18.1,0.809,-26.0,0.768
L11298,Egypt,CRS-012,2.0,0.589,9.7,0.704
L14829,South Africa,CRS-003,15.9,0.824,-39.8,0.835
L12399,Egypt,CRS-004,13.9,0.562,-40.5,0.866
L15397,South Africa,CRS-008,11.8,0.890,8.2,0.681
L11492,South Africa,CRS-012,4.3,0.494,-12.3,0.513
L12964,Egypt,CRS-014,5.6,0.375,20.8,0.818
L14185,South Africa,CRS-004,4.5,0.764,-6.8,0.759
L14583,South Africa,CRS-012,1.9,0.847,-6.2,0.554
L10256,Egypt,CRS-012,13.3,0.684,-7.0,0.483
L10866,Egypt,CRS-004,24.8,0.613,-5.0,0.896
L12478,Egypt,CRS-006,6.1,0.803,3.9,0.757
L10824,South Africa,CRS-008,3.6,0.870,-4.6,0.880
L12037,Egypt,CRS-001,3.2,0.556,2.0,0.874
L12160,South Africa,CRS-006,20.9,0.914,-10.1,0.765
L12985,South Africa,CRS-011,6.0,0.684,-4.6,0.571
L14846,Egypt,CRS-014,7.3,0.443,-33.5,0.735
L13968,South Africa,CRS-011,2.5,0.829,-13.6,0.714
L12154,Egypt,CRS-012,12.7,0.918,1.9,0.309
L13357,Egypt,CRS-002,7.9,0.764,-3.7,0.669
L15332,Egypt,CRS-007,30.7,0.861,-0.0,0.763
L14729,South Africa,CRS-006,11.1,0.830,7.2,0.609
L11497,Egypt,CRS-014,15.0,0.728,-3.9,0.700
L10922,South Africa,CRS-010,12.5,0.697,-0.4,0.310
L14271,Egypt,CRS-004,4.4,0.574,-24.6,0.674
L13018,Egypt,CRS-009,4.1,0.693,3.3,0.882
L14785,Egypt,CRS-004,1.2,0.506,-16.2,0.751
L10836,Egypt,CRS-014,18.1,0.887,-1.8,0.535
L11549,South Africa,CRS-002,1.7,0.655,-4.8,0.517
L13278,Egypt,CRS-003,4.2,0.665,11.3,0.756
L12096,Egypt,CRS-013,19.1,0.746,-3.5,0.819
L14534,Egypt,CRS-005,9.7,0.910,-17.9,0.527
L13190,Egypt,CRS-001,11.6,0.820,-5.8,0.788
L15057,South Africa,CRS-012,24.7,0.481,-9.1,0.656
L12603,Egypt,CRS-008,6.6,0.612,1.1,0.761
L11469,Egypt,CRS-007,0.9,0.692,11.1,0.870
L11423,South Africa,CRS-004,20.8,0.744,9.7,0.770
L11147,South Africa,CRS-006,17.6,0.853,1.1,0.804
L11363,South Africa,CRS-003,7.0,0.907,8.0,0.912
L14967,Egypt,CRS-001,7.0,0.786,-27.8,0.915
L13089,Egypt,CRS-014,0.6,0.536,-11.8,0.126
L12867,South Africa,CRS-004,5.2,0.648,14.2,0.831
L11956,Egypt,CRS-005,10.1,0.599,1.3,0.687
L10193,Egypt,CRS-011,14.0,0.543,-44.2,0.767
L15198,Egypt,CRS-011,0.8,0.820,21.8,0.865
L12955,Egypt,CRS-015,2.3,0.865,3.5,0.852
L13763,Egypt,CRS-004,0.1,0.450,-20.8,0.674
L14943,Egypt,CRS-010,5.7,0.885,-16.0,0.731
L13016,Egypt,CRS-005,4.4,0.417,-22.0,0.838
L11391,Egypt,CRS-011,19.1,0.629,-1.1,0.565
L13740,Egypt,CRS-006,14.8,0.508,6.2,0.450
L11544,South Africa,CRS-008,12.8,0.571,7.1,0.731
L15196,South Africa,CRS-004,24.1,0.918,15.0,0.882
L11144,Egypt,CRS-007,0.7,0.838,8.6,0.590
L13459,South Africa,CRS-007,5.4,0.701,3.9,0.802
L14392,Egypt,CRS-015,27.7,0.538,-1.4,0.476
L12990,South Africa,CRS-009,5.4,0.720,-27.0,0.854
L12658,Egypt,CRS-003,4.8,0.802,7.9,0.769
L12241,Egypt,CRS-002,2.8,0.800,7.9,0.435
L11684,Egypt,CRS-013,2.5,0.407,-7.2,0.621
L11627,Egypt,CRS-002,8.8,0.765,-18.0,0.532
L10263,Egypt,CRS-011,2.3,0.543,8.6,0.432
L10144,South Africa,CRS-003,1.4,0.422,-20.5,0.925
L13262,South Africa,CRS-015,11.7,0.679,1.3,0.631
L15156,South Africa,CRS-003,5.4,0.673,-4.3,0.754
L11024,South Africa,CRS-011,2.1,0.733,-1.5,0.778
L12389,South Africa,CRS-003,21.5,0.809,-11.7,0.869
L11591,Egypt,CRS-011,5.0,0.854,14.6,0.616
L12177,South Africa,CRS-007,2.9,0.845,-1.1,0.795
L12575,Egypt,CRS-005,14.1,0.709,7.5,0.782
L14026,South Africa,CRS-013,8.7,0.908,13.0,0.883
L12660,South Africa,CRS-007,0.2,0.167,-10.0,0.427
L10394,Egypt,CRS-002,21.3,0.391,-7.9,0.877
L10587,Egypt,CRS-015,8.9,0.545,9.6,0.670
L15165,Egypt,CRS-014,1.3,0.925,-12.8,0.711
L13330,Egypt,CRS-015,19.0,0.729,-3.8,0.722
L10992,South Africa,CRS-002,16.7,0.831,-10.1,0.844
L11445,South Africa,CRS-010,0.2,0.523,2.6,0.763
L10215,South Africa,CRS-002,2.9,0.922,16.4,0.579
L12133,South Africa,CRS-012,11.5,0.707,-7.0,0.791
L10048,Egypt,CRS-010,8.0,0.535,-16.0,0.629
L10145,Egypt,CRS-015,3.4,0.891,-7.7,0.739
L13026,Egypt,CRS-007,0.8,0.831,-2.7,0.651
L14589,Egypt,CRS-008,12.9,0.682,10.2,0.102
L14757,South Africa,CRS-012,7.0,0.681,5.4,0.602
L14850,South Africa,CRS-013,25.7,0.944,-0.5,0.882
L10774,South Africa,CRS-012,6.3,0.682,-22.7,0.618
L14368,South Africa,CRS-002,7.3,0.750,-26.0,0.642
L10333,South Africa,CRS-006,3.9,0.883,7.1,0.533
L13380,South Africa,CRS-010,22.0,0.744,-28.7,0.402
L14085,South Africa,CRS-011,8.1,0.596,-15.6,0.589
L10993,Egypt,CRS-002,1.5,0.701,21.7,0.813
L14148,Egypt,CRS-004,16.5,0.865,21.2,0.892
L10078,Egypt,CRS-010,12.9,0.741,8.7,0.811
L13796,Egypt,CRS-014,0.0,0.873,6.8,0.671
L12007,South Africa,CRS-010,4.6,0.606,-1.7,0.176
L10224,South Africa,CRS-007,31.9,0.654,12.0,0.828
L15249,Egypt,CRS-011,4.3,0.814,-2.2,0.630
L10607,South Africa,CRS-003,16.6,0.805,6.9,0.412
L13414,Egypt,CRS-012,7.3,0.623,10.7,0.642
L11913,South Africa,CRS-007,0.7,0.519,-12.9,0.655
L10318,Egypt,CRS-001,10.3,0.756,17.0,0.594
L15176,South Africa,CRS-003,17.4,0.691,-7.5,0.819
L12506,South Africa,CRS-002,2.0,0.781,27.3,0.705
L11449,South Africa,CRS-014,6.7,0.760,-16.7,0.824
L10251,South Africa,CRS-015,22.6,0.817,10.5,0.822
L14307,South Africa,CRS-007,13.6,0.400,-1.6,0.482
L12110,Egypt,CRS-005,15.4,0.495,-10.6,0.574
L14504,Egypt,CRS-004,7.4,0.805,-19.3,0.761
L12717,South Africa,CRS-009,7.1,0.821,-3.2,0.845
L10069,South Africa,CRS-005,8.6,0.561,-1.1,0.920
L10216,Egypt,CRS-007,0.2,0.798,-15.8,0.678
L13836,South Africa,CRS-005,7.1,0.750,30.5,0.486
L15284,South Africa,CRS-001,2.1,0.887,-1.8,0.483
L13757,Egypt,CRS-013,3.3,0.622,-4.8,0.434
L10689,Egypt,CRS-014,3.5,0.675,-13.8,0.446
L10301,South Africa,CRS-015,13.8,0.558,-8.1,0.537
L10379,Egypt,CRS-015,9.5,0.744,0.0,0.803
L10890,Egypt,CRS-007,8.5,0.817,-6.4,0.717
L12062,Egypt,CRS-015,18.9,0.725,-0.0,0.234
L13933,South Africa,CRS-009,2.8,0.689,0.9,0.903
L13856,South Africa,CRS-004,1.8,0.653,-8.4,0.319
L13584,South Africa,CRS-002,5.5,0.689,1.1,0.499
L11835,Egypt,CRS-012,0.1,0.381,-3.0,0.886
L14674,Egypt,CRS-013,0.2,0.796,4.4,0.727
L12317,Egypt,CRS-013,14.0,0.891,-12.0,0.636
L12348,Egypt,CRS-007,5.6,0.337,35.8,0.116
L11532,Egypt,CRS-003,2.6,0.701,5.9,0.746
L12437,Egypt,CRS-013,13.3,0.677,14.0,0.883
L14200,South Africa,CRS-001,15.4,0.550,-20.7,0.465
L11026,South Africa,CRS-003,6.8,0.809,17.2,0.777
L14021,Egypt,CRS-001,0.0,0.489,9.4,0.967
L12179,Egypt,CRS-013,7.2,0.820,-7.4,0.401
L15026,Egypt,CRS-010,12.6,0.946,-12.6,0.313
L11518,Egypt,CRS-007,14.3,0.608,3.9,0.600
L12448,Egypt,CRS-012,2.6,0.936,-7.1,0.407
L12731,Egypt,CRS-010,9.9,0.417,-1.4,0.911
L12416,Egypt,CRS-009,2.4,0.793,10.4,0.973
L10302,South Africa,CRS-008,24.2,0.954,1.9,0.785
L15169,Egypt,CRS-001,12.5,0.868,5.1,0.797
L12196,South Africa,CRS-013,5.2,0.696,-5.4,0.826
L10027,South Africa,CRS-013,5.0,0.742,-3.1,0.756
L13692,South Africa,CRS-004,19.7,0.956,-12.1,0.763
L13838,South Africa,CRS-014,8.6,0.909,-5.7,0.837
L13876,Egypt,CRS-002,2.5,0.854,-0.9,0.766
L10330,South Africa,CRS-011,8.6,0.438,-4.1,0.859
L14224,South Africa,CRS-004,9.9,0.156,-12.5,0.720
L13720,South Africa,CRS-009,11.1,0.537,6.3,0.501
L11121,South Africa,CRS-006,9.8,0.426,-20.8,0.827
L10151,South Africa,CRS-004,1.5,0.465,4.4,0.795
L10347,South Africa,CRS-009,18.0,0.677,-28.3,0.528
L10147,South Africa,CRS-010,3.5,0.931,-5.2,0.555
L12244,South Africa,CRS-003,33.0,0.305,-3.7,0.787
L12959,Egypt,CRS-010,9.4,0.325,7.7,0.953
L13592,Egypt,CRS-005,2.0,0.666,13.3,0.881
L14133,Egypt,CRS-014,12.1,0.968,13.8,0.636
L12232,South Africa,CRS-012,10.3,0.655,6.5,0.742
L15197,South Africa,CRS-005,33.0,0.784,-12.2,0.397
L14117,Egypt,CRS-011,2.6,0.665,-7.2,0.802
L12763,South Africa,CRS-015,4.9,0.835,-30.8,0.872
L12246,Egypt,CRS-011,25.8,0.848,-2.9,0.820
L11620,South Africa,CRS-012,21.3,0.750,-19.5,0.881
L13894,Egypt,CRS-001,50.2,0.821,22.3,0.617
L12989,Egypt,CRS-002,9.0,0.558,5.3,0.792
L12395,Egypt,CRS-003,4.7,0.803,8.8,0.489
L10920,Egypt,CRS-002,3.3,0.546,-13.5,0.646
L10585,South Africa,CRS-014,7.2,0.621,-5.3,0.592
L15372,Egypt,CRS-008,19.3,0.654,-11.4,0.626
L10089,South Africa,CRS-005,3.5,0.822,1.0,0.789
L15020,Egypt,CRS-009,5.2,0.853,1.6,0.515
L12879,Egypt,CRS-004,5.9,0.593,-5.0,0.608
L11382,South Africa,CRS-005,21.5,0.814,12.9,0.839
L12939,Egypt,CRS-007,1.9,0.952,-13.8,0.881
L11386,South Africa,CRS-001,10.0,0.967,24.3,0.871
L14520,Egypt,CRS-003,2.4,0.497,3.6,0.498
L12273,South Africa,CRS-014,3.9,0.618,16.7,0.716
L12472,South Africa,CRS-004,19.9,0.916,5.3,0.316
L11628,Egypt,CRS-015,35.0,0.598,-6.7,0.833
L13082,South Africa,CRS-011,35.0,0.461,2.3,0.863
L15400,Egypt,CRS-003,3.7,0.768,-17.5,0.767
L12377,Egypt,CRS-006,15.5,0.490,0.5,0.741
L10519,South Africa,CRS-003,50.8,0.655,-8.8,0.655
L10820,Egypt,CRS-001,15.9,0.940,-0.1,0.834
L12844,Egypt,CRS-012,4.1,0.548,2.0,0.431
L10050,South Africa,CRS-001,7.2,0.611,-5.4,0.770
L13266,South Africa,CRS-005,4.0,0.661,-6.6,0.768
L13691,South Africa,CRS-015,2.6,0.889,4.0,0.662
L11129,South Africa,CRS-003,1.2,0.824,-7.9,0.443
L13491,South Africa,CRS-007,10.9,0.900,-9.5,0.616
L13170,Egypt,CRS-005,15.5,0.785,-0.3,0.706
L11462,South Africa,CRS-005,9.5,0.522,-23.5,0.500
L11167,Egypt,CRS-014,3.6,0.568,-5.8,0.860
L12358,Egypt,CRS-010,11.4,0.688,-7.9,0.444
L10793,South Africa,CRS-003,1.7,0.496,-14.9,0.690
L14238,Egypt,CRS-015,16.2,0.961,10.8,0.569
L11908,South Africa,CRS-010,35.7,0.262,-4.5,0.736
L14014,Egypt,CRS-013,3.6,0.515,-8.6,0.603
L12117,Egypt,CRS-001,9.7,0.791,18.5,0.431
L11673,Egypt,CRS-008,11.1,0.914,1.8,0.904
L14531,Egypt,CRS-015,16.8,0.805,7.4,0.763
L12483,Egypt,CRS-009,9.1,0.824,10.3,0.400
L12725,South Africa,CRS-001,2.5,0.543,-8.2,0.980
L14632,South Africa,CRS-003,8.3,0.860,1.2,0.498
L12325,South Africa,CRS-009,25.4,0.598,-2.3,0.530
L12925,South Africa,CRS-014,6.3,0.677,-6.6,0.342
L11049,South Africa,CRS-012,2.0,0.488,-0.1,0.795
L14252,South Africa,CRS-013,13.6,0.653,6.0,0.862
L12544,Egypt,CRS-001,4.8,0.590,4.3,0.915
L11421,South Africa,CRS-005,0.7,0.642,-5.3,0.900
L11166,Egypt,CRS-010,0.3,0.788,2.4,0.812
L10984,South Africa,CRS-005,30.9,0.757,-15.9,0.719
L10910,South Africa,CRS-015,8.6,0.626,12.2,0.569
L10087,South Africa,CRS-008,15.8,0.356,3.6,0.772
L14231,South Africa,CRS-014,1.1,0.704,-2.8,0.763
L13038,South Africa,CRS-013,11.6,0.626,-11.7,0.867
L11359,Egypt,CRS-010,6.4,0.630,6.3,0.754
L11020,South Africa,CRS-008,13.6,0.646,0.8,0.125
L13677,Egypt,CRS-002,0.4,0.924,10.3,0.899
L11604,South Africa,CRS-008,25.5,0.410,-28.6,0.925
L15187,South Africa,CRS-004,4.0,0.865,14.6,0.612
L11141,Egypt,CRS-005,13.1,0.630,0.5,0.273
L11896,Egypt,CRS-003,8.8,0.546,-21.5,0.809
L11984,Egypt,CRS-013,10.0,0.118,4.2,0.739
L14637,Egypt,CRS-013,0.1,0.807,-12.3,0.913
L10796,Egypt,CRS-003,1.6,0.104,-0.7,0.846
L10377,South Africa,CRS-001,9.6,0.593,14.9,0.652
L15065,Egypt,CRS-002,8.4,0.702,18.7,0.526
L13936,Egypt,CRS-006,21.5,0.812,14.3,0.620
L11481,Egypt,CRS-001,5.4,0.522,-20.7,0.850
L12810,South Africa,CRS-009,4.2,0.745,6.9,0.864
L14448,South Africa,CRS-014,9.6,0.675,3.6,0.566
L15369,Egypt,CRS-012,23.8,0.876,-20.8,0.706
L10417,Egypt,CRS-005,8.5,0.506,-0.0,0.580
L14357,South Africa,CRS-004,1.3,0.413,13.9,0.689
L14032,Egypt,CRS-011,14.5,0.721,-21.9,0.731
L13166,Egypt,CRS-003,1.2,0.589,3.4,0.607
L12009,South Africa,CRS-003,0.2,0.887,-14.0,0.704
L14627,Egypt,CRS-006,0.4,0.722,-7.2,0.864
L13693,Egypt,CRS-014,0.8,0.503,10.4,0.843
L12500,South Africa,CRS-002,6.8,0.909,7.3,0.508
L15336,Egypt,CRS-013,13.2,0.635,0.4,0.183
L10934,South Africa,CRS-009,13.7,0.682,4.4,0.824
L14825,Egypt,CRS-013,9.0,0.692,-0.2,0.685
L14418,Egypt,CRS-005,1.3,0.890,-40.4,0.640
L10402,South Africa,CRS-007,8.8,0.665,-6.3,0.758
L10459,South Africa,CRS-003,20.5,0.903,9.8,0.759
L14739,Egypt,CRS-006,7.3,0.713,11.4,0.625
L11809,South Africa,CRS-013,7.9,0.733,-7.6,0.702
L13210,South Africa,CRS-003,0.5,0.715,-0.9,0.814
L14558,South Africa,CRS-001,3.6,0.741,17.2,0.919
L12803,South Africa,CRS-005,3.8,0.394,7.8,0.778
L14163,Egypt,CRS-012,3.1,0.750,0.4,0.950
L10109,South Africa,CRS-001,1.4,0.827,-19.6,0.362
L13604,Egypt,CRS-008,11.6,0.513,7.4,0.688
L11906,Egypt,CRS-012,6.3,0.652,9.3,0.712
L14345,South Africa,CRS-007,4.3,0.709,3.9,0.800
L14584,South Africa,CRS-009,2.2,0.888,9.8,0.676
L10265,Egypt,CRS-013,25.6,0.783,-4.4,0.638
L14726,South Africa,CRS-006,11.4,0.700,-10.1,0.569
L14700,South Africa,CRS-011,0.9,0.863,7.5,0.357
L14708,Egypt,CRS-001,4.3,0.618,-19.4,0.158
L14828,Egypt,CRS-012,6.8,0.742,-18.1,0.834
L10217,South Africa,CRS-015,3.0,0.720,-6.9,0.662
L13093,South Africa,CRS-010,6.5,0.653,9.2,0.909
L10828,Egypt,CRS-014,2.5,0.337,-10.3,0.353
L15135,South Africa,CRS-007,33.5,0.499,8.5,0.830
L15107,Egypt,CRS-005,9.9,0.346,-0.4,0.846
L10191,Egypt,CRS-003,4.7,0.878,7.4,0.833
L10102,South Africa,CRS-005,4.4,0.671,-5.7,0.679
L11365,Egypt,CRS-002,6.8,0.527,-8.5,0.573
L12563,Egypt,CRS-004,22.9,0.779,0.4,0.764
L12405,Egypt,CRS-009,57.5,0.759,-4.8,0.109
L10020,South Africa,CRS-003,8.4,0.503,33.5,0.494
L12390,South Africa,CRS-014,7.8,0.761,3.2,0.642
L13619,Egypt,CRS-015,4.3,0.711,-0.2,0.330
L13887,Egypt,CRS-012,5.0,0.682,3.6,0.771
L10243,South Africa,CRS-010,29.7,0.829,-35.3,0.959
L10780,Egypt,CRS-013,6.6,0.653,3.3,0.522
L10914,South Africa,CRS-005,1.2,0.635,-0.4,0.786
L10947,South Africa,CRS-010,13.7,0.823,7.4,0.847
L10310,Egypt,CRS-009,16.9,0.854,2.8,0.621
L14042,Egypt,CRS-012,2.8,0.802,4.1,0.625
L12034,South Africa,CRS-001,33.8,0.830,-7.1,0.726
L11292,South Africa,CRS-014,2.8,0.689,-14.5,0.613
L13566,South Africa,CRS-002,2.5,0.804,-5.3,0.864
L10006,Egypt,CRS-006,12.4,0.830,-21.0,0.720
L10792,Egypt,CRS-003,2.5,0.799,-16.5,0.642
L10772,South Africa,CRS-006,5.5,0.967,-14.0,0.659
L13236,South Africa,CRS-005,13.1,0.650,-31.4,0.520
L15136,Egypt,CRS-014,22.1,0.581,-0.1,0.702
L15205,South Africa,CRS-015,35.2,0.685,-8.5,0.604
L12624,South Africa,CRS-007,9.4,0.743,18.1,0.625
L11912,South Africa,CRS-005,4.9,0.226,1.2,0.838
L10051,South Africa,CRS-015,0.0,0.938,-0.6,0.622
L10391,South Africa,CRS-005,2.1,0.744,-3.7,0.815
L10211,South Africa,CRS-011,30.0,0.775,16.0,0.803
L14100,South Africa,CRS-007,8.3,0.229,22.1,0.522
L12058,South Africa,CRS-006,21.3,0.410,20.9,0.902
L11645,South Africa,CRS-008,14.4,0.530,-0.3,0.478
L14168,South Africa,CRS-006,12.7,0.854,20.4,0.778
L11385,South Africa,CRS-011,11.4,0.810,-13.3,0.864
L11453,Egypt,CRS-010,47.2,0.794,-18.4,0.914
L11709,Egypt,CRS-012,0.5,0.544,-3.2,0.839
L12795,Egypt,CRS-010,2.0,0.821,22.8,0.738
L13928,South Africa,CRS-006,4.1,0.491,-6.1,0.668
L14139,Egypt,CRS-014,3.1,0.785,5.9,0.680
L12550,South Africa,CRS-014,0.1,0.586,-21.8,0.670
L14492,Egypt,CRS-001,5.8,0.490,-12.6,0.650
L14071,South Africa,CRS-001,20.0,0.873,-0.4,0.757
L12376,South Africa,CRS-015,2.6,0.653,1.4,0.403
L12540,Egypt,CRS-014,0.1,0.126,-11.2,0.846
L12822,Egypt,CRS-003,7.4,0.860,5.9,0.686
L13130,South Africa,CRS-002,5.5,0.730,-49.8,0.647
L13307,South Africa,CRS-014,14.2,0.493,-1.8,0.439
L15399,Egypt,CRS-002,3.8,0.439,-10.7,0.578
L14557,South Africa,CRS-006,15.5,0.894,12.0,0.702
L11917,South Africa,CRS-007,2.1,0.673,-12.7,0.902
L14130,South Africa,CRS-005,13.9,0.941,-6.1,0.813
L11158,South Africa,CRS-001,8.7,0.592,-33.0,0.786
L14820,South Africa,CRS-012,8.9,0.710,3.4,0.750
L15011,Egypt,CRS-012,5.3,0.631,12.3,0.546
L10803,Egypt,CRS-012,0.8,0.613,2.5,0.877
L14937,South Africa,CRS-011,27.9,0.860,11.0,0.766
L10420,Egypt,CRS-012,25.6,0.370,15.2,0.928
L12981,South Africa,CRS-003,15.3,0.767,-11.5,0.930
L11051,Egypt,CRS-008,2.0,0.647,11.0,0.515
L12038,South Africa,CRS-010,7.8,0.668,-7.5,0.604
L14424,South Africa,CRS-005,5.7,0.620,-1.2,0.654
L10525,South Africa,CRS-013,4.8,0.413,-26.5,0.743
L12144,South Africa,CRS-005,11.9,0.982,-3.2,0.594
L15323,South Africa,CRS-004,43.5,0.792,-11.5,0.661
L12495,South Africa,CRS-015,0.1,0.521,-2.1,0.584
L13129,South Africa,CRS-008,8.2,0.743,-26.7,0.301
L10943,Egypt,CRS-009,7.5,0.755,5.7,0.853
L14931,South Africa,CRS-014,24.6,0.348,-4.9,0.562
L12227,South Africa,CRS-010,18.6,0.586,18.2,0.948
L11890,South Africa,CRS-009,9.5,0.887,-0.2,0.544
L11315,South Africa,CRS-009,3.2,0.488,10.6,0.575
L12611,Egypt,CRS-007,9.9,0.259,-3.3,0.739
L14693,South Africa,CRS-014,7.0,0.700,4.7,0.789
L12172,South Africa,CRS-011,9.3,0.609,15.6,0.834
L12187,South Africa,CRS-015,0.2,0.508,-2.2,0.530
L10567,Egypt,CRS-007,10.9,0.408,6.8,0.677
L10603,Egypt,CRS-009,25.7,0.498,-14.2,0.661
L14665,Egypt,CRS-009,6.6,0.794,-13.7,0.570
L10642,Egypt,CRS-003,15.4,0.773,-15.9,0.307
L14275,South Africa,CRS-005,2.5,0.422,-0.7,0.893
L13816,Egypt,CRS-013,6.8,0.856,15.9,0.706
L11098,Egypt,CRS-013,10.8,0.512,-25.9,0.716
L14284,South Africa,CRS-011,17.3,0.492,11.6,0.773
L11280,South Africa,CRS-010,17.6,0.901,7.6,0.785
L13907,Egypt,CRS-005,3.1,0.788,-22.3,0.672
L14980,Egypt,CRS-014,0.3,0.686,6.5,0.695
L11424,Egypt,CRS-015,5.4,0.837,13.4,0.585
L12991,South Africa,CRS-008,11.0,0.610,-24.5,0.868
L11855,Egypt,CRS-006,1.5,0.662,7.2,0.651
L10476,Egypt,CRS-001,5.2,0.909,4.5,0.431
L13135,Egypt,CRS-007,0.6,0.439,-29.7,0.543
L13034,South Africa,CRS-003,25.2,0.766,-1.2,0.525
L12176,Egypt,CRS-007,1.6,0.818,-0.1,0.800
L10520,Egypt,CRS-009,6.5,0.708,-26.8,0.564
L14844,Egypt,CRS-012,6.8,0.746,14.5,0.715
L11768,South Africa,CRS-002,7.6,0.977,-17.7,0.779
L12086,Egypt,CRS-013,9.6,0.709,-14.3,0.827
L13906,Egypt,CRS-012,0.1,0.803,-6.0,0.816
L15141,South Africa,CRS-007,43.7,0.849,7.9,0.180
L10275,Egypt,CRS-004,53.8,0.893,-13.5,0.748
L12337,South Africa,CRS-012,5.6,0.836,-40.6,0.689
L15365,South Africa,CRS-005,12.0,0.536,3.0,0.814
L13447,South Africa,CRS-004,14.2,0.770,-24.1,0.732
L13080,Egypt,CRS-007,25.4,0.576,3.0,0.931
L12217,South Africa,CRS-005,10.1,0.637,17.6,0.404
L12379,Egypt,CRS-008,0.3,0.927,-43.6,0.799
L14653,Egypt,CRS-004,4.7,0.164,13.3,0.913
L12180,South Africa,CRS-009,3.3,0.742,-1.0,0.836
L14281,South Africa,CRS-006,5.2,0.937,0.7,0.474
L11230,South Africa,CRS-005,5.4,0.859,6.1,0.481
L13513,Egypt,CRS-013,3.1,0.884,13.1,0.708
L14731,South Africa,CRS-006,11.9,0.479,-4.6,0.852
L11027,South Africa,CRS-014,5.8,0.470,4.6,0.606
L14153,Egypt,CRS-008,1.5,0.902,5.7,0.753
L13737,Egypt,CRS-014,19.4,0.678,-39.5,0.816
L15140,South Africa,CRS-004,11.4,0.788,-1.9,0.365
L13391,South Africa,CRS-008,6.5,0.456,20.1,0.848
L14245,South Africa,CRS-004,14.3,0.771,-7.1,0.755
L13281,Egypt,CRS-010,6.6,0.791,-21.5,0.637
L12801,South Africa,CRS-010,7.5,0.660,2.9,0.691
L11711,South Africa,CRS-001,1.1,0.922,3.0,0.586
L10515,Egypt,CRS-003,25.8,0.603,-7.5,0.782
L14912,Egypt,CRS-005,2.7,0.924,-19.0,0.645
L11758,South Africa,CRS-003,33.1,0.781,7.2,0.617
L11820,South Africa,CRS-014,0.9,0.833,-15.3,0.875
L14963,Egypt,CRS-003,11.4,0.781,-15.5,0.824
L10486,South Africa,CRS-003,16.4,0.856,6.1,0.658
L12910,South Africa,CRS-001,13.0,0.709,2.6,0.877
L12195,South Africa,CRS-008,2.4,0.721,-20.3,0.803
L12605,Egypt,CRS-007,0.9,0.446,1.8,0.459
L13655,South Africa,CRS-015,1.4,0.734,3.4,0.962
L10035,Egypt,CRS-004,4.7,0.489,4.4,0.749
L13997,Egypt,CRS-008,1.7,0.335,8.6,0.744
L14429,South Africa,CRS-004,4.2,0.813,0.0,0.890
L13699,South Africa,CRS-005,0.8,0.793,-0.8,0.585
L11799,South Africa,CRS-002,2.7,0.750,-5.5,0.315
L14546,Egypt,CRS-002,5.6,0.852,16.1,0.860
L12552,South Africa,CRS-014,1.9,0.985,14.6,0.657
L15199,South Africa,CRS-007,0.2,0.670,3.5,0.476
L12837,South Africa,CRS-008,16.9,0.857,2.3,0.827
L11891,South Africa,CRS-010,11.2,0.817,-32.3,0.940
L10101,Egypt,CRS-012,17.4,0.883,-1.7,0.372
L13622,South Africa,CRS-014,0.8,0.783,3.7,0.624
L12008,South Africa,CRS-001,20.0,0.707,6.9,0.441
L11842,South Africa,CRS-006,2.3,0.815,13.3,0.968
L13418,South Africa,CRS-005,2.6,0.170,1.8,0.689
L13975,Egypt,CRS-009,0.3,0.687,20.1,0.741
L12653,South Africa,CRS-006,3.6,0.876,-17.7,0.664
L10773,Egypt,CRS-013,6.8,0.886,19.4,0.752
L11664,Egypt,CRS-014,9.1,0.283,-0.6,0.596
L12208,South Africa,CRS-013,8.3,0.283,15.9,0.772
L11589,South Africa,CRS-002,5.9,0.755,0.3,0.597
L12585,South Africa,CRS-002,9.7,0.912,8.0,0.795
L12918,Egypt,CRS-014,7.0,0.757,-9.2,0.704
L10116,Egypt,CRS-005,0.9,0.683,-5.7,0.391
L14008,South Africa,CRS-013,18.5,0.864,7.0,0.942
L13987,South Africa,CRS-009,2.5,0.788,10.0,0.871
L12070,Egypt,CRS-010,2.2,0.686,4.7,0.851
L10299,South Africa,CRS-001,2.2,0.678,-0.1,0.847
L10570,Egypt,CRS-005,1.6,0.410,-17.1,0.661
L13401,South Africa,CRS-014,2.7,0.781,15.9,0.449
L10334,Egypt,CRS-014,1.0,0.552,27.1,0.517
L13141,Egypt,CRS-007,3.5,0.178,16.1,0.703
L11556,South Africa,CRS-011,2.8,0.955,-37.7,0.722
L11260,Egypt,CRS-007,58.7,0.364,-3.2,0.868
L10029,South Africa,CRS-015,0.7,0.369,22.5,0.852
L14707,Egypt,CRS-007,9.3,0.589,-27.5,0.528
L12944,Egypt,CRS-009,2.3,0.418,-0.1,0.489
L11955,South Africa,CRS-013,11.8,0.967,10.6,0.406
L11107,Egypt,CRS-004,2.8,0.756,-1.8,0.751
L10806,Egypt,CRS-003,11.1,0.668,16.6,0.778
L11479,Egypt,CRS-003,4.6,0.396,-0.5,0.951
L13533,South Africa,CRS-013,0.4,0.601,-14.7,0.233
L12497,Egypt,CRS-009,19.3,0.698,-11.6,0.734
L13674,Egypt,CRS-007,5.1,0.830,-22.6,0.464
L12464,South Africa,CRS-015,2.0,0.844,14.4,0.280
L14399,Egypt,CRS-015,10.7,0.336,-3.0,0.656
L11100,South Africa,CRS-008,3.3,0.497,17.5,0.291
L13066,South Africa,CRS-013,18.2,0.809,-9.3,0.579
L12958,South Africa,CRS-012,2.4,0.969,-2.9,0.581
L13256,Egypt,CRS-010,8.9,0.782,5.2,0.481
L14108,Egypt,CRS-010,7.2,0.295,3.8,0.759
L13247,Egypt,CRS-010,18.6,0.846,16.4,0.670
L14046,Egypt,CRS-001,4.4,0.691,-8.9,0.810
L13273,South Africa,CRS-005,10.7,0.391,0.5,0.839
L11819,South Africa,CRS-011,0.5,0.664,-4.3,0.777
L12072,South Africa,CRS-003,56.4,0.613,22.5,0.738
L10589,South Africa,CRS-003,5.5,0.744,-11.6,0.587
L14935,Egypt,CRS-013,5.8,0.792,-4.8,0.659
L11320,South Africa,CRS-008,21.9,0.441,13.7,0.677
L12025,South Africa,CRS-007,28.8,0.522,-49.4,0.809
L14018,South Africa,CRS-009,59.6,0.629,-1.5,0.174
L12851,Egypt,CRS-003,1.7,0.507,-3.3,0.225
L12051,South Africa,CRS-015,1.5,0.611,2.6,0.850
L12400,South Africa,CRS-009,8.6,0.583,12.3,0.731
L11177,Egypt,CRS-012,7.6,0.734,-20.8,0.482
L11047,Egypt,CRS-007,28.3,0.641,-5.5,0.621
L10668,South Africa,CRS-006,1.7,0.851,-12.6,0.706
L10124,South Africa,CRS-001,1.0,0.577,44.8,0.662
L11470,South Africa,CRS-002,6.8,0.777,-1.5,0.818
L14494,Egypt,CRS-002,23.6,0.205,-5.9,0.816
L13465,Egypt,CRS-014,6.5,0.870,5.1,0.638
L13785,Egypt,CRS-001,18.0,0.795,14.3,0.905
L11349,Egypt,CRS-012,2.8,0.747,-20.5,0.865
L11234,Egypt,CRS-003,8.7,0.899,11.4,0.141
L11856,Egypt,CRS-015,2.6,0.612,2.2,0.656
L12518,South Africa,CRS-011,1.2,0.835,9.5,0.744
L13341,South Africa,CRS-003,8.4,0.905,-5.1,0.799
L10502,South Africa,CRS-011,5.8,0.325,13.9,0.563
L10542,South Africa,CRS-004,5.6,0.809,10.2,0.754
L13712,Egypt,CRS-013,10.5,0.780,5.7,0.464
L10222,South Africa,CRS-005,0.9,0.741,-1.8,0.670
L13326,Egypt,CRS-002,4.4,0.835,-6.4,0.746
L13818,Egypt,CRS-001,3.4,0.820,21.4,0.944
L14823,Egypt,CRS-008,1.0,0.613,0.2,0.581
L14019,Egypt,CRS-007,45.5,0.647,-13.8,0.751
L15185,South Africa,CRS-012,31.0,0.972,7.9,0.798
L13868,South Africa,CRS-001,4.9,0.837,-24.9,0.910
L13070,South Africa,CRS-011,1.1,0.726,7.0,0.935
L11039,Egypt,CRS-012,0.7,0.463,-7.7,0.240
L10064,South Africa,CRS-015,0.7,0.880,-19.5,0.798
L14906,South Africa,CRS-010,30.6,0.701,-3.6,0.622
L11858,Egypt,CRS-003,1.9,0.870,11.6,0.711
L13600,Egypt,CRS-001,14.7,0.853,2.8,0.806
L12889,South Africa,CRS-005,7.5,0.869,-0.6,0.677
L14090,Egypt,CRS-005,1.8,0.963,-11.4,0.396
L11148,South Africa,CRS-011,9.1,0.856,-5.4,0.672
L14052,South Africa,CRS-015,9.6,0.547,-12.1,0.794
L13664,Egypt,CRS-005,1.1,0.748,-1.4,0.867
L15106,Egypt,CRS-009,35.4,0.903,13.1,0.745
L10849,South Africa,CRS-007,1.8,0.802,-30.3,0.836
L11945,Egypt,CRS-007,3.3,0.814,-7.8,0.590
L13202,Egypt,CRS-015,7.1,0.726,-4.4,0.894
L11658,South Africa,CRS-005,0.3,0.615,4.2,0.446
L11389,South Africa,CRS-008,35.6,0.863,8.0,0.759
L10015,South Africa,CRS-005,5.5,0.421,18.7,0.747
L13258,South Africa,CRS-004,2.8,0.762,-18.2,0.567
L13981,Egypt,CRS-011,5.5,0.410,20.8,0.677
L10649,South Africa,CRS-008,1.0,0.393,19.1,0.625
L12209,South Africa,CRS-007,3.5,0.857,6.4,0.750
L13490,South Africa,CRS-005,3.6,0.865,-3.3,0.315
L12223,South Africa,CRS-006,22.0,0.470,-14.0,0.579
L11821,Egypt,CRS-009,9.1,0.922,8.6,0.885
L13803,South Africa,CRS-009,3.0,0.521,11.5,0.612
L14310,Egypt,CRS-008,16.4,0.249,9.7,0.701
L13061,South Africa,CRS-001,56.4,0.602,-10.0,0.700
L11308,Egypt,CRS-007,10.8,0.760,11.1,0.625
L13114,Egypt,CRS-008,11.1,0.542,-36.8,0.537
L14311,Egypt,CRS-012,6.8,0.425,-15.9,0.193
L15306,South Africa,CRS-005,0.4,0.750,-4.1,0.672
L12997,Egypt,CRS-011,4.0,0.273,-17.2,0.596
L14053,Egypt,CRS-006,8.5,0.679,7.1,0.877
L10358,Egypt,CRS-008,6.1,0.941,22.5,0.676
L10929,South Africa,CRS-013,0.5,0.949,-12.1,0.721
L12103,South Africa,CRS-008,14.8,0.633,-2.4,0.617
L14703,Egypt,CRS-012,34.7,0.533,1.7,0.698
L15267,Egypt,CRS-006,4.3,0.660,16.9,0.794
L14081,Egypt,CRS-007,2.7,0.731,-9.3,0.764
L11139,South Africa,CRS-004,0.9,0.582,-36.2,0.407
L11267,Egypt,CRS-007,3.1,0.801,11.5,0.722
L13308,Egypt,CRS-015,1.3,0.890,2.7,0.370
L14530,Egypt,CRS-006,22.1,0.587,3.0,0.640
L11605,Egypt,CRS-009,4.2,0.938,-8.3,0.731
L14267,South Africa,CRS-012,10.8,0.298,-3.1,0.760
L13878,Egypt,CRS-011,14.9,0.822,-10.7,0.431
L10233,Egypt,CRS-015,11.5,0.664,13.0,0.691
L14716,South Africa,CRS-014,2.8,0.620,-0.4,0.818
L14068,Egypt,CRS-011,5.1,0.920,19.6,0.361
L11992,Egypt,CRS-007,0.4,0.447,3.8,0.520
L12444,South Africa,CRS-001,4.3,0.651,2.1,0.668
L11791,South Africa,CRS-009,3.5,0.845,16.4,0.623
L14386,Egypt,CRS-014,13.8,0.892,-48.7,0.712
L10185,Egypt,CRS-005,4.1,0.616,-14.0,0.913
L11293,Egypt,CRS-002,9.3,0.744,7.8,0.768
L10241,Egypt,CRS-014,0.4,0.738,-3.3,0.788
L12600,South Africa,CRS-010,4.4,0.776,-0.3,0.804
L12479,Egypt,CRS-003,6.6,0.399,13.3,0.673
L14921,Egypt,CRS-012,4.5,0.886,8.6,0.623
L15272,Egypt,CRS-011,6.1,0.896,19.1,0.876
L12130,South Africa,CRS-001,15.4,0.763,-22.4,0.693
L10624,Egypt,CRS-001,25.8,0.819,-18.0,0.769
L14282,Egypt,CRS-012,1.8,0.444,9.1,0.819
L12015,South Africa,CRS-012,2.5,0.640,14.0,0.815
L10651,South Africa,CRS-012,1.9,0.859,6.3,0.766
L14322,Egypt,CRS-003,1.1,0.967,15.8,0.677
L14635,South Africa,CRS-004,9.6,0.366,-0.3,0.606
L12995,South Africa,CRS-001,0.2,0.746,-8.2,0.734
L13147,South Africa,CRS-003,20.0,0.347,-4.1,0.857
L11452,South Africa,CRS-007,45.1,0.529,-17.2,0.768
L11271,South Africa,CRS-015,9.6,0.852,-5.8,0.858
L13578,Egypt,CRS-003,6.1,0.779,10.2,0.424
L15195,Egypt,CRS-002,3.7,0.661,-3.4,0.645
L10095,Egypt,CRS-010,14.6,0.812,18.0,0.905
L11552,Egypt,CRS-008,1.2,0.728,17.3,0.246
L13854,South Africa,CRS-002,2.5,0.717,-4.6,0.875
L14009,Egypt,CRS-008,2.3,0.750,15.7,0.942
L11399,South Africa,CRS-003,16.6,0.820,-5.5,0.821
L12474,Egypt,CRS-012,4.7,0.700,-2.8,0.580
L13420,Egypt,CRS-006,2.7,0.682,3.7,0.574
L14663,South Africa,CRS-002,22.6,0.701,-0.3,0.769
L14466,South Africa,CRS-008,12.7,0.953,7.0,0.552
L14497,Egypt,CRS-011,24.6,0.560,2.1,0.872
L12953,Egypt,CRS-004,3.7,0.560,8.2,0.591
L14035,South Africa,CRS-002,23.1,0.718,-7.9,0.777
L10699,South Africa,CRS-002,10.5,0.891,1.5,0.844
L13707,South Africa,CRS-002,8.9,0.693,-5.0,0.883
L14549,South Africa,CRS-015,17.5,0.909,2.1,0.884
L11025,Egypt,CRS-012,28.5,0.709,-0.3,0.638
L10650,Egypt,CRS-014,9.8,0.344,3.8,0.281
L11888,South Africa,CRS-015,1.5,0.832,2.2,0.840
L13518,South Africa,CRS-007,5.6,0.500,9.7,0.757
L14993,South Africa,CRS-006,26.8,0.738,5.6,0.691
L11827,South Africa,CRS-012,0.8,0.379,-5.2,0.632
L14121,Egypt,CRS-014,1.8,0.564,0.9,0.651
L12380,South Africa,CRS-006,2.0,0.949,27.8,0.682
L11010,Egypt,CRS-008,6.5,0.657,-9.8,0.569
L14965,South Africa,CRS-002,1.9,0.644,10.7,0.500
L13451,Egypt,CRS-015,1.2,0.974,2.5,0.869
L12505,Egypt,CRS-010,7.7,0.443,-3.7,0.956
L14167,Egypt,CRS-004,0.0,0.697,-1.7,0.752
L13879,South Africa,CRS-001,1.3,0.666,-7.7,0.888
L12783,Egypt,CRS-001,10.5,0.831,-18.7,0.676
L10047,Egypt,CRS-013,11.5,0.689,2.1,0.745
L14751,Egypt,CRS-004,6.4,0.965,11.1,0.792
L11035,Egypt,CRS-001,0.6,0.549,-17.1,0.626
L13982,South Africa,CRS-013,24.4,0.759,-43.6,0.882
L11714,South Africa,CRS-005,3.7,0.857,-17.8,0.897
L10684,Egypt,CRS-012,6.7,0.666,-8.2,0.665
L12738,South Africa,CRS-002,1.2,0.792,-2.4,0.853
L10681,South Africa,CRS-004,1.5,0.214,-5.4,0.514
L15048,South Africa,CRS-012,5.5,0.802,-1.5,0.608
L14863,Egypt,CRS-008,0.7,0.751,3.8,0.314
L12236,Egypt,CRS-012,5.4,0.772,18.2,0.864
L12443,South Africa,CRS-010,2.1,0.830,-24.7,0.189
L14422,Egypt,CRS-015,44.6,0.865,4.2,0.596
L12648,Egypt,CRS-011,60.0,0.591,-1.9,0.588
L10906,Egypt,CRS-005,13.2,0.702,11.1,0.831
L11328,Egypt,CRS-014,13.5,0.492,1.4,0.623
L13406,Egypt,CRS-002,35.9,0.773,-4.6,0.823
L14279,Egypt,CRS-012,32.7,0.847,16.5,0.589
L13744,South Africa,CRS-006,52.4,0.769,-28.8,0.720
L11480,Egypt,CRS-001,2.1,0.463,14.9,0.598
L11217,South Africa,CRS-002,5.7,0.125,12.1,0.750
L11697,South Africa,CRS-006,2.9,0.306,-7.1,0.612
L12290,Egypt,CRS-009,0.1,0.599,-8.8,0.604
L10786,South Africa,CRS-015,22.0,0.765,23.3,0.753
L11540,Egypt,CRS-010,19.7,0.816,20.1,0.865
L14511,Egypt,CRS-008,10.3,0.963,0.9,0.775
L12391,Egypt,CRS-011,5.9,0.868,-0.0,0.823
L11662,South Africa,CRS-010,0.3,0.542,4.9,0.876
L11180,Egypt,CRS-008,23.8,0.553,-16.1,0.601
L11601,South Africa,CRS-008,5.3,0.729,6.9,0.771
L10611,South Africa,CRS-006,1.9,0.543,12.4,0.753
L11155,Egypt,CRS-015,42.5,0.706,-24.8,0.884
L12386,Egypt,CRS-007,4.0,0.475,-4.3,0.551
L11488,South Africa,CRS-004,19.8,0.727,9.7,0.781
L10100,South Africa,CRS-006,11.8,0.524,-3.9,0.442
L10356,Egypt,CRS-003,1.6,0.845,25.2,0.722
L12084,Egypt,CRS-015,33.2,0.552,-3.9,0.846
L12158,Egypt,CRS-004,0.8,0.707,-1.8,0.876
L11538,Egypt,CRS-002,3.6,0.749,2.8,0.541
L10061,Egypt,CRS-010,0.0,0.689,-0.5,0.620
L14907,Egypt,CRS-010,16.7,0.929,4.3,0.512
L14272,Egypt,CRS-014,4.6,0.705,-49.5,0.751
L11312,South Africa,CRS-013,2.3,0.971,7.3,0.932
L13822,South Africa,CRS-010,0.9,0.570,6.3,0.586
L15278,Egypt,CRS-001,0.8,0.599,-5.7,0.526
L15160,South Africa,CRS-005,10.7,0.417,-27.1,0.588
L13540,South Africa,CRS-009,3.3,0.812,-5.9,0.783
L13505,South Africa,CRS-009,16.7,0.465,18.7,0.865
L10844,South Africa,CRS-003,4.4,0.571,-5.8,0.635
L12656,Egypt,CRS-013,18.1,0.667,-9.7,0.796
L13344,Egypt,CRS-003,10.0,0.422,-7.4,0.785
L14407,Egypt,CRS-009,23.6,0.912,-3.2,0.165
L12928,South Africa,CRS-001,30.4,0.756,-43.7,0.947
L14095,South Africa,CRS-012,13.8,0.511,-10.4,0.444
L11030,Egypt,CRS-008,2.9,0.646,-17.1,0.828
L10791,South Africa,CRS-010,2.6,0.559,2.9,0.830
L10108,South Africa,CRS-011,3.1,0.876,-42.5,0.430
L13767,Egypt,CRS-002,20.7,0.635,-4.9,0.848
L12136,South Africa,CRS-012,23.7,0.679,7.1,0.514
L12450,South Africa,CRS-010,2.1,0.584,-6.1,0.307
L13041,South Africa,CRS-004,7.1,0.677,6.1,0.368
L13729,South Africa,CRS-004,2.7,0.445,15.1,0.882
L13746,South Africa,CRS-007,3.1,0.824,-15.3,0.642
L11718,South Africa,CRS-012,0.6,0.918,-4.8,0.688
L13616,South Africa,CRS-012,2.2,0.544,2.4,0.688
L12257,Egypt,CRS-003,30.4,0.379,5.0,0.929
L10424,Egypt,CRS-008,15.0,0.772,3.0,0.905
L11420,South Africa,CRS-009,1.7,0.670,1.8,0.626
L12394,South Africa,CRS-010,7.9,0.832,-3.5,0.826
L14128,South Africa,CRS-001,0.9,0.532,-0.9,0.482
L13625,South Africa,CRS-006,4.2,0.719,0.8,0.807
L11279,Egypt,CRS-008,4.0,0.190,24.8,0.924
L15178,South Africa,CRS-002,6.2,0.732,15.2,0.497
L15137,South Africa,CRS-009,13.8,0.590,8.6,0.556
L12589,Egypt,CRS-004,0.8,0.352,-16.3,0.804
L13853,South Africa,CRS-007,8.6,0.953,9.7,0.791
L10418,South Africa,CRS-002,2.1,0.864,1.4,0.619
L14562,Egypt,CRS-010,29.9,0.865,-1.7,0.552
L10660,Egypt,CRS-007,2.1,0.866,7.0,0.656
L11178,Egypt,CRS-011,13.4,0.831,0.6,0.916
L15343,Egypt,CRS-013,21.3,0.191,-15.9,0.828
L14954,Egypt,CRS-012,3.1,0.698,0.8,0.758
L13050,Egypt,CRS-011,4.3,0.899,2.5,0.898
L15097,South Africa,CRS-014,1.1,0.612,-10.4,0.930
L10816,South Africa,CRS-011,10.8,0.751,-22.3,0.634
L14247,South Africa,CRS-005,2.8,0.792,35.9,0.904
L10389,South Africa,CRS-014,33.0,0.659,-18.5,0.793
L13484,South Africa,CRS-008,3.5,0.570,20.6,0.466
L11674,Egypt,CRS-013,0.9,0.578,-6.0,0.675
L10907,South Africa,CRS-009,2.9,0.836,16.5,0.861
L15150,South Africa,CRS-001,0.4,0.813,3.4,0.302
L14212,South Africa,CRS-009,5.8,0.806,10.7,0.570
L14621,South Africa,CRS-011,6.1,0.947,11.7,0.809
L14434,South Africa,CRS-008,4.8,0.655,-19.7,0.800
L10591,South Africa,CRS-008,2.0,0.544,-22.6,0.777
L11928,Egypt,CRS-011,5.6,0.725,24.4,0.334
L12886,Egypt,CRS-010,3.4,0.737,-3.9,0.643
L13523,Egypt,CRS-010,1.8,0.927,-4.8,0.775
L14362,Egypt,CRS-005,8.1,0.703,-10.8,0.852
L13974,South Africa,CRS-009,32.9,0.754,-3.1,0.634
L12182,Egypt,CRS-002,9.7,0.225,-33.2,0.797
L13921,Egypt,CRS-003,3.2,0.729,-4.5,0.831
L13241,Egypt,CRS-014,6.3,0.738,-4.5,0.470
L12652,South Africa,CRS-012,12.3,0.860,-4.3,0.857
L12683,Egypt,CRS-007,4.7,0.410,1.4,0.779
L12033,South Africa,CRS-010,20.5,0.741,1.1,0.525
L10779,South Africa,CRS-004,1.5,0.640,-5.1,0.907
L12838,Egypt,CRS-003,6.1,0.658,5.8,0.673
L14880,Egypt,CRS-014,18.1,0.578,-2.0,0.783
L12853,Egypt,CRS-004,4.6,0.564,-10.0,0.727
L12773,Egypt,CRS-007,7.3,0.656,13.4,0.587
L13387,Egypt,CRS-003,3.2,0.788,-3.6,0.731
L14597,Egypt,CRS-004,58.0,0.813,0.7,0.680
L15219,South Africa,CRS-006,3.0,0.817,-21.2,0.871
L15144,South Africa,CRS-004,2.0,0.875,2.5,0.403
L13696,Egypt,CRS-012,47.8,0.483,-9.4,0.762
L10985,Egypt,CRS-003,0.3,0.970,2.0,0.926
L14776,Egypt,CRS-002,0.0,0.692,8.8,0.805
L11511,South Africa,CRS-011,7.7,0.788,-5.7,0.419
L10573,Egypt,CRS-014,20.4,0.619,7.5,0.848
L13068,Egypt,CRS-001,0.5,0.789,14.2,0.936
L11705,Egypt,CRS-007,25.2,0.753,-0.6,0.689
L12576,South Africa,CRS-001,7.9,0.717,12.1,0.927
L10658,South Africa,CRS-008,1.5,0.283,7.8,0.496
L12485,Egypt,CRS-014,6.8,0.833,-3.6,0.567
L13723,Egypt,CRS-013,20.2,0.500,4.8,0.918
L12412,South Africa,CRS-009,13.1,0.125,0.6,0.901
L15259,South Africa,CRS-012,9.8,0.726,35.3,0.784
L11863,South Africa,CRS-005,3.2,0.671,9.7,0.315
L14542,South Africa,CRS-007,5.1,0.617,-21.9,0.308
L12806,Egypt,CRS-014,0.1,0.579,-11.4,0.707
L11137,Egypt,CRS-013,15.6,0.191,3.2,0.677
L13051,South Africa,CRS-003,7.8,0.844,-11.3,0.741
L12627,South Africa,CRS-006,2.7,0.338,0.1,0.677
L12332,South Africa,CRS-005,16.8,0.770,-10.8,0.638
L12218,South Africa,CRS-012,7.6,0.708,-15.5,0.509
L13377,South Africa,CRS-010,2.8,0.758,-2.8,0.835
L11226,South Africa,CRS-005,1.1,0.926,3.2,0.572
L14273,South Africa,CRS-014,4.6,0.265,-36.1,0.493
L10580,Egypt,CRS-003,9.8,0.811,9.4,0.734
L13246,South Africa,CRS-009,5.4,0.740,6.3,0.622
L10919,South Africa,CRS-014,12.9,0.651,2.5,0.808
L10286,Egypt,CRS-005,58.9,0.694,5.8,0.719
L14290,South Africa,CRS-008,0.7,0.567,7.9,0.937
L14982,Egypt,CRS-014,0.7,0.911,10.5,0.818
L14983,Egypt,CRS-001,1.2,0.752,11.8,0.795
L12371,Egypt,CRS-014,2.1,0.800,-18.6,0.723
L10871,Egypt,CRS-013,2.2,0.799,-7.0,0.255
L14277,Egypt,CRS-008,4.3,0.773,-35.0,0.623
L13445,South Africa,CRS-002,12.8,0.694,-3.6,0.841
L12607,Egypt,CRS-014,5.3,0.833,10.6,0.695
L12138,Egypt,CRS-007,1.2,0.546,8.2,0.772
L14169,Egypt,CRS-008,14.3,0.494,5.3,0.389
L14099,South Africa,CRS-014,0.4,0.522,5.9,0.831
L12301,Egypt,CRS-015,0.0,0.566,1.1,0.861
L11003,Egypt,CRS-009,4.1,0.660,8.6,0.588
L10970,Egypt,CRS-010,22.1,0.707,13.5,0.728
L13595,South Africa,CRS-013,5.9,0.548,-12.4,0.957
L12341,South Africa,CRS-013,19.7,0.545,4.7,0.738
L11387,South Africa,CRS-010,0.3,0.488,22.3,0.853
L15129,Egypt,CRS-013,0.2,0.363,4.9,0.709
L15395,South Africa,CRS-012,1.3,0.614,-2.7,0.677
L13860,Egypt,CRS-014,1.3,0.627,2.7,0.698
L14030,Egypt,CRS-008,4.9,0.628,-4.9,0.508
L13910,Egypt,CRS-002,1.8,0.818,1.6,0.837
L13671,South Africa,CRS-011,1.7,0.770,17.4,0.829
L13193,South Africa,CRS-001,4.8,0.859,11.1,0.912
L15338,South Africa,CRS-001,0.9,0.640,-11.3,0.542
L15367,Egypt,CRS-011,13.6,0.894,10.6,0.644
L12966,South Africa,CRS-013,1.2,0.881,-38.3,0.647
L12632,South Africa,CRS-004,6.3,0.948,-37.1,0.909
L11435,South Africa,CRS-010,0.1,0.477,9.6,0.571
L12664,South Africa,CRS-011,0.1,0.531,11.8,0.726
L10539,South Africa,CRS-007,1.5,0.561,9.2,0.833
L13440,South Africa,CRS-005,17.4,0.964,2.1,0.737
L13571,Egypt,CRS-013,6.7,0.854,23.4,0.916
L10877,Egypt,CRS-013,2.8,0.850,26.3,0.901
L14037,South Africa,CRS-007,6.2,0.905,-3.0,0.559
L14176,Egypt,CRS-001,5.8,0.716,-25.1,0.554
L12968,South Africa,CRS-002,19.4,0.794,-8.7,0.702
L13498,Egypt,CRS-010,24.4,0.870,13.0,0.508
L12207,Egypt,CRS-008,2.2,0.824,2.6,0.705
L10231,South Africa,CRS-003,2.8,0.859,-0.2,0.817
L15100,South Africa,CRS-007,20.7,0.403,2.9,0.454
L11255,South Africa,CRS-007,0.1,0.796,-18.0,0.907
L12538,Egypt,CRS-011,8.1,0.589,19.8,0.706
L11161,Egypt,CRS-007,15.3,0.536,-16.6,0.699
L12173,Egypt,CRS-010,28.2,0.927,-32.5,0.491
L15145,Egypt,CRS-009,20.4,0.723,1.4,0.478
L12322,South Africa,CRS-002,16.9,0.840,-9.6,0.616
L12998,Egypt,CRS-005,14.4,0.716,5.5,0.502
L14524,Egypt,CRS-014,3.6,0.448,5.7,0.788
L13786,South Africa,CRS-010,28.4,0.900,-16.7,0.546
L14496,South Africa,CRS-007,0.1,0.588,-12.7,0.718
L10039,South Africa,CRS-011,16.2,0.971,24.3,0.714
L15247,Egypt,CRS-005,1.7,0.897,3.7,0.477
L11670,Egypt,CRS-008,3.6,0.703,-1.2,0.735
L11900,Egypt,CRS-001,51.7,0.685,20.3,0.598
L13844,South Africa,CRS-009,3.4,0.321,0.6,0.557
L14840,South Africa,CRS-013,8.0,0.571,13.9,0.667
L14456,Egypt,CRS-015,50.8,0.906,6.5,0.782
L13436,Egypt,CRS-006,15.2,0.921,-3.5,0.135
L12287,Egypt,CRS-001,30.0,0.363,-0.9,0.804
L10335,South Africa,CRS-013,4.8,0.527,-8.5,0.661
L15053,South Africa,CRS-003,1.7,0.396,25.9,0.368
L14184,Egypt,CRS-007,45.5,0.184,-7.5,0.704
L13131,Egypt,CRS-011,5.4,0.349,10.2,0.452
L14804,Egypt,CRS-007,2.1,0.885,-18.2,0.436
L12931,South Africa,CRS-015,38.1,0.707,-6.2,0.658
L14568,Egypt,CRS-012,0.1,0.684,4.6,0.472
L14705,South Africa,CRS-007,3.4,0.798,-20.5,0.777
L11557,Egypt,CRS-014,13.0,0.772,-29.8,0.834
L11939,Egypt,CRS-006,18.2,0.689,-28.0,0.820
L13574,South Africa,CRS-009,0.1,0.922,-1.7,0.827
L14793,Egypt,CRS-007,6.7,0.901,-7.9,0.835
L12016,South Africa,CRS-015,8.5,0.804,5.9,0.839
L10633,South Africa,CRS-014,15.5,0.698,-14.8,0.761
L11597,South Africa,CRS-014,1.8,0.860,-29.9,0.853
L13805,Egypt,CRS-004,56.4,0.372,-46.7,0.535
L12280,Egypt,CRS-015,1.0,0.719,4.1,0.883
L12264,Egypt,CRS-009,10.5,0.864,4.2,0.787
L11577,Egypt,CRS-015,7.4,0.857,-8.0,0.431
L15274,South Africa,CRS-007,8.4,0.710,8.3,0.759
L14868,Egypt,CRS-008,11.6,0.578,18.7,0.835
L10554,South Africa,CRS-005,0.3,0.657,14.1,0.122
L14697,South Africa,CRS-004,5.1,0.524,3.2,0.869
L10447,Egypt,CRS-006,21.5,0.417,-24.3,0.824
L14841,Egypt,CRS-014,5.5,0.824,-47.6,0.455
L11681,South Africa,CRS-014,2.3,0.679,11.7,0.337
L14969,Egypt,CRS-015,9.0,0.888,-5.4,0.853
L14432,Egypt,CRS-008,11.5,0.746,18.5,0.707
L12111,South Africa,CRS-003,13.5,0.592,-0.0,0.784
L14334,South Africa,CRS-010,5.3,0.818,-20.8,0.416
L13056,Egypt,CRS-004,3.4,0.931,-12.3,0.738
L13577,South Africa,CRS-010,0.9,0.916,-9.6,0.762
L12845,Egypt,CRS-011,1.1,0.642,-6.6,0.755
L15001,South Africa,CRS-006,3.1,0.775,-5.1,0.750
L10338,Egypt,CRS-002,10.1,0.361,-10.8,0.436
L14227,Egypt,CRS-012,7.7,0.594,18.5,0.642
L12891,South Africa,CRS-010,26.4,0.711,0.3,0.637
L12143,South Africa,CRS-005,4.1,0.832,7.8,0.535
L11012,South Africa,CRS-015,2.9,0.210,15.3,0.447
L15314,Egypt,CRS-003,7.4,0.780,-12.2,0.688
L11576,South Africa,CRS-006,6.4,0.858,-1.3,0.905
L13219,South Africa,CRS-011,0.8,0.745,-45.0,0.833
L12199,South Africa,CRS-005,53.2,0.661,-9.0,0.958
L12069,South Africa,CRS-003,23.0,0.742,1.4,0.857
L11884,Egypt,CRS-005,1.6,0.942,7.3,0.684
L13408,South Africa,CRS-001,20.9,0.752,-39.2,0.543
L11592,South Africa,CRS-002,9.2,0.701,24.8,0.685
L14630,South Africa,CRS-008,41.5,0.865,3.1,0.968
L10179,South Africa,CRS-013,21.7,0.707,-6.1,0.759
L13346,Egypt,CRS-011,17.1,0.561,-6.7,0.573
L11715,Egypt,CRS-013,16.9,0.795,-2.1,0.674
L13478,Egypt,CRS-007,28.4,0.695,-6.1,0.865
L10631,South Africa,CRS-006,0.0,0.629,-0.4,0.535
L13624,Egypt,CRS-003,4.8,0.489,-42.6,0.522
L11499,Egypt,CRS-008,3.4,0.340,-12.6,0.487
L10007,South Africa,CRS-009,0.7,0.784,-8.0,0.628
L14544,South Africa,CRS-010,5.1,0.490,24.2,0.571
L11136,Egypt,CRS-014,11.2,0.877,-21.6,0.697
L11253,Egypt,CRS-012,5.9,0.754,-4.3,0.791
L13433,Egypt,CRS-013,9.6,0.845,8.9,0.686
L10892,South Africa,CRS-013,16.8,0.527,-14.3,0.772
L13845,Egypt,CRS-006,5.5,0.108,-1.9,0.695
L12300,Egypt,CRS-003,9.5,0.835,16.2,0.778
L10400,Egypt,CRS-009,53.8,0.457,4.8,0.707
L15031,Egypt,CRS-008,32.9,0.975,-18.7,0.723
L14475,Egypt,CRS-011,1.9,0.601,-20.3,0.618
L10967,South Africa,CRS-011,7.1,0.557,-3.0,0.488
L10437,Egypt,CRS-007,13.3,0.920,4.9,0.875
L13915,South Africa,CRS-012,1.4,0.599,14.9,0.668
L10431,South Africa,CRS-010,33.2,0.761,-4.3,0.583
L15387,South Africa,CRS-001,1.1,0.815,21.5,0.978
L14488,Egypt,CRS-006,8.7,0.719,5.6,0.904
L13110,Egypt,CRS-008,1.7,0.574,-19.2,0.619
L11516,Egypt,CRS-014,35.5,0.719,-11.4,0.591
L12609,Egypt,CRS-005,7.4,0.742,-2.4,0.815
L10323,South Africa,CRS-012,0.7,0.677,-13.6,0.888
L12890,South Africa,CRS-015,1.3,0.531,-10.0,0.699
L10742,South Africa,CRS-004,5.5,0.710,15.3,0.642
L13978,Egypt,CRS-003,3.4,0.814,3.0,0.665
L10935,South Africa,CRS-009,13.6,0.574,-5.6,0.166
L11961,South Africa,CRS-005,7.2,0.853,18.3,0.270
L15275,South Africa,CRS-001,12.8,0.519,12.2,0.813
L14255,Egypt,CRS-008,0.1,0.772,-0.2,0.680
L10114,South Africa,CRS-003,9.1,0.682,-16.6,0.552
L10673,Egypt,CRS-015,4.2,0.866,-49.3,0.920
L10037,Egypt,CRS-003,9.3,0.953,15.2,0.731
L13640,Egypt,CRS-006,16.1,0.935,-20.3,0.861
L10609,Egypt,CRS-015,13.7,0.518,10.3,0.892
L13042,South Africa,CRS-013,13.3,0.861,-7.7,0.331
L11800,South Africa,CRS-013,23.7,0.508,-6.4,0.870
L12759,South Africa,CRS-002,8.0,0.818,28.4,0.586
L10538,South Africa,CRS-010,8.9,0.761,4.1,0.373
L14150,South Africa,CRS-007,13.6,0.801,-34.8,0.538
L14089,Egypt,CRS-010,4.8,0.493,-0.8,0.446
L12646,Egypt,CRS-008,9.0,0.876,11.6,0.578
L13430,South Africa,CRS-011,11.3,0.936,-5.2,0.335
L10453,South Africa,CRS-005,7.2,0.803,10.4,0.843
L12696,Egypt,CRS-010,2.0,0.812,1.4,0.361
L14587,Egypt,CRS-009,27.2,0.905,-8.3,0.338
L15243,South Africa,CRS-007,1.2,0.450,-3.8,0.752
L15155,Egypt,CRS-001,16.3,0.695,-15.3,0.752
L13828,Egypt,CRS-005,0.9,0.864,-13.5,0.583
L10324,South Africa,CRS-003,1.0,0.494,9.5,0.375
L13455,South Africa,CRS-002,0.5,0.799,-0.2,0.803
L13235,Egypt,CRS-013,4.9,0.902,0.6,0.431
L11603,Egypt,CRS-014,21.1,0.312,-43.7,0.126
L10308,Egypt,CRS-014,9.2,0.654,9.1,0.684
L11463,South Africa,CRS-002,23.2,0.567,5.3,0.528
L13681,South Africa,CRS-001,0.9,0.905,-0.3,0.718
L12486,Egypt,CRS-006,38.3,0.666,0.3,0.564
L14599,South Africa,CRS-012,2.6,0.795,-2.9,0.416
L14206,South Africa,CRS-005,29.3,0.801,4.0,0.570
L11455,Egypt,CRS-009,7.5,0.920,-5.0,0.801
L12647,Egypt,CRS-013,3.4,0.716,3.3,0.892
L11634,South Africa,CRS-007,4.1,0.813,0.8,0.132
L11240,Egypt,CRS-014,6.6,0.891,18.1,0.830
L14807,Egypt,CRS-015,8.1,0.661,-2.9,0.765
L11154,Egypt,CRS-005,7.6,0.464,7.5,0.445
L12418,South Africa,CRS-004,11.8,0.540,10.2,0.685
L11438,Egypt,CRS-004,9.8,0.837,11.0,0.597
L11822,South Africa,CRS-005,0.3,0.497,17.3,0.939
L11831,South Africa,CRS-003,2.5,0.982,12.7,0.546
L10273,South Africa,CRS-010,1.9,0.599,-4.6,0.905
L14328,South Africa,CRS-012,6.7,0.747,-15.2,0.538
L14253,South Africa,CRS-013,14.1,0.778,-1.5,0.854
L14264,South Africa,CRS-001,20.7,0.850,2.7,0.624
L10767,Egypt,CRS-004,0.0,0.566,-46.8,0.678
L14955,Egypt,CRS-006,11.0,0.637,4.0,0.706
L13403,South Africa,CRS-013,2.8,0.662,5.5,0.751
L14826,South Africa,CRS-003,2.5,0.579,-38.5,0.775
L14387,South Africa,CRS-012,58.8,0.856,-9.5,0.857
L13659,Egypt,CRS-007,12.5,0.577,4.9,0.660
L10533,Egypt,CRS-009,9.0,0.767,0.3,0.557
L12911,Egypt,CRS-012,0.5,0.868,-1.7,0.559
L13250,Egypt,CRS-013,3.8,0.664,-2.4,0.867
L12641,South Africa,CRS-007,1.7,0.871,-3.6,0.358
L15036,South Africa,CRS-012,18.8,0.738,0.5,0.860
L10489,South Africa,CRS-001,1.6,0.503,-27.1,0.741
L12639,Egypt,CRS-006,3.6,0.810,-3.5,0.940
L13587,Egypt,CRS-005,52.1,0.873,9.8,0.865
L13515,Egypt,CRS-005,15.1,0.718,5.4,0.469
L14941,Egypt,CRS-011,41.1,0.345,16.4,0.756
L13503,South Africa,CRS-012,19.5,0.719,-2.7,0.228
L11023,South Africa,CRS-002,8.5,0.544,1.7,0.521
L14896,South Africa,CRS-010,2.5,0.588,-13.6,0.622
L14572,Egypt,CRS-003,0.7,0.699,-13.9,0.828
L13134,South Africa,CRS-014,26.9,0.708,-11.9,0.568
L13036,South Africa,CRS-006,19.1,0.827,-16.1,0.741
L12617,Egypt,CRS-013,1.1,0.480,4.2,0.601
L10433,South Africa,CRS-001,11.1,0.809,-3.9,0.762
L12728,South Africa,CRS-003,5.5,0.782,-6.2,0.728
L15038,South Africa,CRS-001,0.7,0.528,-5.2,0.283
L13427,South Africa,CRS-003,15.6,0.944,-0.9,0.219
L14208,South Africa,CRS-003,16.6,0.728,2.6,0.353
L13239,South Africa,CRS-010,5.1,0.868,-20.3,0.904
L15300,South Africa,CRS-013,1.2,0.759,-24.0,0.743
L13005,South Africa,CRS-002,6.4,0.335,1.2,0.756
L13864,Egypt,CRS-002,0.5,0.595,-3.4,0.713
L14413,South Africa,CRS-001,6.3,0.486,-22.4,0.738
L13560,South Africa,CRS-011,5.1,0.775,-47.9,0.868
L13337,Egypt,CRS-011,2.2,0.479,3.4,0.670
L10724,South Africa,CRS-005,1.7,0.589,6.3,0.879
L12098,Egypt,CRS-003,4.9,0.757,-5.1,0.806
L11013,South Africa,CRS-005,5.2,0.504,-19.5,0.606
L11184,South Africa,CRS-013,11.3,0.765,2.6,0.436
L12430,South Africa,CRS-008,1.3,0.687,13.4,0.441
L12526,South Africa,CRS-010,2.6,0.600,-24.1,0.690
L15003,South Africa,CRS-011,9.2,0.480,-31.5,0.744
L11650,Egypt,CRS-003,0.4,0.660,-16.0,0.464
L14350,South Africa,CRS-013,1.6,0.680,-3.4,0.839
L13631,South Africa,CRS-008,2.3,0.593,-15.0,0.751
L14420,Egypt,CRS-012,9.3,0.684,-14.3,0.736
L12269,South Africa,CRS-006,6.1,0.865,-17.3,0.824
L12543,Egypt,CRS-009,0.4,0.719,-9.0,0.717
L13621,South Africa,CRS-014,8.0,0.725,16.3,0.760
L10690,South Africa,CRS-013,5.1,0.823,1.4,0.174
L10028,Egypt,CRS-007,6.1,0.757,-12.9,0.703
L11699,Egypt,CRS-015,16.4,0.610,-11.0,0.611
L12793,South Africa,CRS-008,3.4,0.746,8.3,0.706
L10801,South Africa,CRS-005,5.5,0.968,-0.1,0.903
L14154,South Africa,CRS-006,7.5,0.632,-11.1,0.563
L14702,South Africa,CRS-007,3.6,0.902,-13.4,0.431
L10944,Egypt,CRS-001,10.2,0.740,4.2,0.740
L11938,Egypt,CRS-014,10.9,0.442,6.2,0.522
L13179,Egypt,CRS-008,20.3,0.831,-19.9,0.836
L10857,South Africa,CRS-005,7.2,0.709,-15.4,0.385
L14601,Egypt,CRS-010,3.0,0.749,11.9,0.879
L12588,Egypt,CRS-011,18.3,0.468,11.7,0.764
L12814,South Africa,CRS-015,34.8,0.936,-6.5,0.759
L13644,Egypt,CRS-007,0.9,0.854,2.1,0.810
L15350,South Africa,CRS-011,0.3,0.759,11.0,0.759
L10392,South Africa,CRS-009,25.1,0.876,-26.5,0.855
L13157,Egypt,CRS-007,6.2,0.775,2.0,0.522
L11854,South Africa,CRS-008,11.1,0.584,-1.0,0.801
L11134,Egypt,CRS-001,3.5,0.391,5.6,0.659
L13636,South Africa,CRS-015,5.7,0.874,-9.5,0.963
L10701,Egypt,CRS-005,0.8,0.510,-24.3,0.606
L12954,Egypt,CRS-005,1.1,0.761,-8.7,0.758
L11200,South Africa,CRS-006,1.9,0.637,3.7,0.602
L15175,South Africa,CRS-013,1.2,0.699,11.3,0.652
L12684,Egypt,CRS-008,0.1,0.734,12.4,0.701
L11018,Egypt,CRS-014,4.7,0.798,-0.8,0.421
L14173,South Africa,CRS-009,9.1,0.751,-5.0,0.656
L10692,South Africa,CRS-007,1.3,0.490,-19.9,0.690
L11379,Egypt,CRS-004,3.5,0.595,-14.9,0.784
L12560,South Africa,CRS-011,2.4,0.570,24.2,0.670
L12230,Egypt,CRS-002,1.7,0.551,-0.7,0.736
L13393,Egypt,CRS-002,7.9,0.903,7.5,0.455
L10429,Egypt,CRS-004,5.5,0.725,-21.6,0.411
L13106,South Africa,CRS-011,0.3,0.521,-46.7,0.577
L12278,Egypt,CRS-004,9.3,0.639,12.9,0.615
L13363,South Africa,CRS-013,6.7,0.457,-11.9,0.433
L14661,South Africa,CRS-015,1.1,0.483,10.4,0.674
L14695,South Africa,CRS-007,2.9,0.595,5.4,0.393
L14213,South Africa,CRS-011,8.9,0.751,-23.5,0.852
L11902,Egypt,CRS-009,23.4,0.303,2.9,0.663
L11817,South Africa,CRS-003,4.7,0.950,0.0,0.303
L10743,Egypt,CRS-012,5.6,0.661,-0.3,0.778
L12404,Egypt,CRS-008,7.0,0.835,14.9,0.587
L13960,Egypt,CRS-015,16.8,0.625,-13.5,0.902
L10578,South Africa,CRS-008,2.2,0.393,13.5,0.779
L12865,South Africa,CRS-003,0.2,0.678,6.3,0.908
L12707,South Africa,CRS-007,4.4,0.892,-3.8,0.536
L14891,South Africa,CRS-014,2.6,0.849,6.6,0.791
L11967,South Africa,CRS-005,41.7,0.608,-0.3,0.661
L13432,South Africa,CRS-014,3.4,0.802,-11.2,0.469
L15059,South Africa,CRS-002,0.2,0.895,7.4,0.848
L11798,South Africa,CRS-015,2.3,0.752,-3.0,0.791
L11220,Egypt,CRS-010,0.9,0.602,1.2,0.643
L14138,South Africa,CRS-002,5.8,0.820,-18.4,0.814
L14657,Egypt,CRS-015,7.4,0.733,-5.9,0.702
L10945,South Africa,CRS-001,5.3,0.714,22.0,0.631
L11185,Egypt,CRS-001,16.1,0.800,-7.8,0.989
L11886,Egypt,CRS-004,2.7,0.687,-0.8,0.698
L13837,Egypt,CRS-006,7.9,0.403,7.0,0.805
L15290,South Africa,CRS-001,2.3,0.783,0.7,0.851
L14579,South Africa,CRS-014,3.8,0.907,-8.1,0.225
L10969,Egypt,CRS-004,1.0,0.878,-9.8,0.688
L14246,South Africa,CRS-010,0.6,0.948,9.0,0.636
L12092,Egypt,CRS-001,1.4,0.576,3.4,0.784
L14794,South Africa,CRS-015,14.5,0.718,-8.2,0.658
L12014,Egypt,CRS-012,0.7,0.881,-16.1,0.510
L10721,South Africa,CRS-009,2.4,0.386,-1.7,0.595
L13312,South Africa,CRS-008,1.2,0.556,4.9,0.929
L12553,Egypt,CRS-003,18.4,0.557,13.8,0.793
L11419,Egypt,CRS-010,5.7,0.766,9.9,0.722
L12596,Egypt,CRS-008,2.3,0.866,-25.7,0.585
L10268,South Africa,CRS-015,3.3,0.933,6.2,0.965
L10321,South Africa,CRS-005,3.5,0.679,2.5,0.703
L11505,Egypt,CRS-012,7.9,0.481,10.2,0.786
L13963,South Africa,CRS-005,7.9,0.636,7.2,0.561
L10010,South Africa,CRS-008,23.4,0.601,9.8,0.842
L14918,Egypt,CRS-002,5.3,0.222,3.4,0.826
L12586,Egypt,CRS-010,0.0,0.822,-20.1,0.865
L12983,Egypt,CRS-008,1.8,0.797,-13.7,0.294
L12735,South Africa,CRS-001,1.5,0.302,10.0,0.798
L14119,Egypt,CRS-009,16.1,0.864,-0.8,0.562
L10261,Egypt,CRS-003,1.6,0.911,-0.5,0.609
L14667,South Africa,CRS-010,0.2,0.770,-10.2,0.821
L12769,South Africa,CRS-004,0.5,0.734,-27.3,0.427
L14688,South Africa,CRS-005,4.7,0.879,12.5,0.830
L13924,Egypt,CRS-009,2.1,0.421,17.0,0.664
L15345,South Africa,CRS-005,5.8,0.537,13.9,0.768
L11726,Egypt,CRS-004,0.5,0.764,-1.1,0.662
L15022,Egypt,CRS-011,21.5,0.434,12.7,0.639
L15118,Egypt,CRS-003,0.5,0.896,4.8,0.864
L13991,Egypt,CRS-011,0.6,0.715,-1.5,0.871
L14618,Egypt,CRS-015,4.3,0.862,-6.9,0.774
L11243,Egypt,CRS-002,13.4,0.111,-23.2,0.726
L14942,Egypt,CRS-002,1.4,0.898,2.6,0.609
L13804,South Africa,CRS-009,3.4,0.968,-11.8,0.706
L10874,South Africa,CRS-003,26.2,0.804,21.3,0.528
L12482,Egypt,CRS-005,30.4,0.878,-45.9,0.640
L10290,South Africa,CRS-014,5.0,0.853,15.4,0.787
L15217,South Africa,CRS-003,2.7,0.908,-7.5,0.863
L10480,South Africa,CRS-002,6.1,0.826,19.6,0.874
L15215,Egypt,CRS-009,16.4,0.881,-0.0,0.272
L13585,Egypt,CRS-014,14.0,0.726,16.7,0.763
L13462,South Africa,CRS-014,33.5,0.677,7.7,0.605
L13606,South Africa,CRS-011,17.2,0.814,9.5,0.594
L12933,Egypt,CRS-007,5.9,0.841,0.6,0.808
L11211,South Africa,CRS-014,6.9,0.726,-23.2,0.802
L11793,South Africa,CRS-002,4.8,0.718,22.7,0.755
L11400,South Africa,CRS-009,12.9,0.914,1.0,0.807
L11223,Egypt,CRS-003,1.6,0.744,-22.7,0.778
L11783,Egypt,CRS-008,15.5,0.819,-4.7,0.671
L10785,South Africa,CRS-011,4.6,0.768,-25.9,0.903
L11590,South Africa,CRS-005,0.2,0.767,-39.2,0.281
L11924,Egypt,CRS-013,13.7,0.791,1.1,0.678
L11073,South Africa,CRS-013,14.7,0.689,-11.4,0.821
L14137,Egypt,CRS-015,5.3,0.873,-9.7,0.683
L12975,Egypt,CRS-012,0.3,0.526,14.3,0.761
L10702,South Africa,CRS-002,7.0,0.910,3.0,0.727
L11225,Egypt,CRS-013,0.2,0.741,-42.9,0.808
L13570,South Africa,CRS-010,29.8,0.141,-33.6,0.539
L10081,Egypt,CRS-015,0.7,0.742,2.8,0.143
L15271,Egypt,CRS-001,11.3,0.642,5.6,0.772
L10802,South Africa,CRS-005,8.4,0.777,7.4,0.433
L11324,Egypt,CRS-014,3.4,0.855,-2.0,0.635
L11656,South Africa,CRS-002,1.0,0.625,-18.7,0.817
L13618,South Africa,CRS-011,14.4,0.402,0.4,0.614
L13888,Egypt,CRS-012,8.7,0.584,-1.4,0.754
L12558,Egypt,CRS-004,0.4,0.240,-1.1,0.794
L10477,South Africa,CRS-012,1.7,0.784,4.7,0.837
L14783,South Africa,CRS-009,2.0,0.694,11.3,0.681
L12224,Egypt,CRS-008,4.0,0.509,24.2,0.903
L11096,South Africa,CRS-010,2.1,0.899,15.6,0.824
L12011,South Africa,CRS-004,2.9,0.879,-1.2,0.595
L14857,South Africa,CRS-007,10.8,0.877,-13.7,0.677
L13952,Egypt,CRS-015,11.1,0.312,-2.7,0.752
L13678,Egypt,CRS-013,4.0,0.720,-11.9,0.751
L11284,South Africa,CRS-007,3.0,0.423,13.6,0.232
L13416,South Africa,CRS-008,1.1,0.743,-16.7,0.727
L12122,South Africa,CRS-002,0.7,0.918,2.3,0.606
L10972,Egypt,CRS-002,7.0,0.649,7.3,0.551
L12547,South Africa,CRS-003,4.9,0.582,15.1,0.592
L10137,Egypt,CRS-012,15.6,0.419,-46.3,0.732
L13301,South Africa,CRS-002,7.3,0.591,-11.0,0.603
L14283,South Africa,CRS-004,5.6,0.243,-40.0,0.787
L13568,South Africa,CRS-005,27.0,0.680,-11.2,0.910
L10254,South Africa,CRS-002,5.2,0.574,-23.9,0.721
L10514,South Africa,CRS-001,1.5,0.885,3.0,0.593
L13486,South Africa,CRS-002,18.4,0.627,-13.7,0.579
L11514,Egypt,CRS-003,26.4,0.833,9.0,0.523
L13350,South Africa,CRS-003,0.8,0.664,-18.0,0.720
L14146,Egypt,CRS-011,9.0,0.619,22.0,0.680
L14607,South Africa,CRS-004,9.3,0.945,5.7,0.916
L11849,South Africa,CRS-015,5.5,0.728,9.8,0.762
L13751,South Africa,CRS-009,25.6,0.148,-9.5,0.728
L12206,Egypt,CRS-011,11.8,0.589,4.3,0.885
L14565,Egypt,CRS-006,0.3,0.394,-0.8,0.764
L11954,Egypt,CRS-009,13.6,0.811,-12.3,0.618
L10757,South Africa,CRS-005,41.1,0.769,15.6,0.411
L13294,South Africa,CRS-004,10.9,0.713,-5.7,0.502
L13708,Egypt,CRS-007,4.9,0.727,-15.5,0.656
L12718,Egypt,CRS-007,1.7,0.562,0.5,0.565
L10901,South Africa,CRS-007,0.0,0.934,10.6,0.874
L15117,South Africa,CRS-001,11.1,0.796,-9.8,0.678
L12152,Egypt,CRS-012,2.1,0.866,9.9,0.746
L14254,Egypt,CRS-015,3.9,0.894,-0.4,0.921
L11975,South Africa,CRS-013,12.0,0.329,11.4,0.799
L11587,South Africa,CRS-008,2.7,0.573,-13.7,0.847
L12727,South Africa,CRS-013,30.3,0.745,-19.8,0.703
L12979,South Africa,CRS-002,0.6,0.205,-18.4,0.926
L14773,Egypt,CRS-002,17.5,0.971,-0.4,0.221
L11411,Egypt,CRS-015,1.3,0.497,-0.1,0.766
L14503,South Africa,CRS-001,3.0,0.872,2.0,0.583
L11586,Egypt,CRS-006,4.0,0.682,14.0,0.837
L10066,South Africa,CRS-008,19.4,0.795,-27.1,0.901
L14070,Egypt,CRS-008,5.6,0.865,-15.4,0.582
L13670,Egypt,CRS-007,13.4,0.664,2.3,0.672
L12438,South Africa,CRS-015,19.3,0.390,15.2,0.628
L13419,Egypt,CRS-013,0.5,0.318,0.8,0.387
L14217,South Africa,CRS-003,4.5,0.644,-8.1,0.624
L11696,South Africa,CRS-012,11.9,0.545,-5.1,0.924
L11677,Egypt,CRS-007,12.7,0.834,10.5,0.866
L13525,Egypt,CRS-013,17.2,0.976,-6.2,0.823
L10387,South Africa,CRS-015,10.2,0.534,-14.8,0.842
L11676,Egypt,CRS-001,2.7,0.721,4.0,0.601
L10564,South Africa,CRS-006,13.6,0.381,16.7,0.709
L10225,Egypt,CRS-005,3.5,0.648,15.1,0.462
L14379,Egypt,CRS-007,20.3,0.812,-40.9,0.775
L10965,South Africa,CRS-013,0.0,0.222,7.1,0.612
L10811,Egypt,CRS-014,9.7,0.605,-2.5,0.807
L12211,South Africa,CRS-004,0.7,0.280,-13.4,0.897
L12433,Egypt,CRS-007,0.7,0.903,-16.2,0.840
L10133,South Africa,CRS-003,3.5,0.229,-1.9,0.455
L10831,Egypt,CRS-008,6.3,0.650,10.9,0.897
L11368,South Africa,CRS-008,0.5,0.615,-21.8,0.277
L14242,South Africa,CRS-008,58.9,0.589,22.0,0.936
L14774,South Africa,CRS-013,3.7,0.970,15.4,0.611
L10461,Egypt,CRS-003,3.3,0.937,19.2,0.444
L12334,South Africa,CRS-007,29.1,0.381,-1.2,0.975
L11876,South Africa,CRS-009,8.4,0.727,-31.2,0.840
L14110,South Africa,CRS-015,9.7,0.663,8.9,0.865
L13222,South Africa,CRS-005,14.2,0.344,14.2,0.778
L12572,South Africa,CRS-003,2.5,0.732,5.4,0.845
L15087,Egypt,CRS-002,14.2,0.771,7.8,0.465
L14930,South Africa,CRS-010,20.5,0.581,-2.8,0.861
L10046,Egypt,CRS-007,10.6,0.464,-1.3,0.750
L10956,Egypt,CRS-007,56.3,0.726,-14.4,0.862
L12502,South Africa,CRS-005,4.0,0.518,7.6,0.949
L14402,Egypt,CRS-005,5.5,0.719,15.9,0.781
L14063,South Africa,CRS-006,0.3,0.835,26.0,0.409
L13702,South Africa,CRS-013,7.9,0.565,2.9,0.483
L14299,South Africa,CRS-007,0.2,0.938,-8.4,0.864
L14317,South Africa,CRS-006,5.4,0.727,-2.3,0.712
L11130,South Africa,CRS-002,6.8,0.922,8.7,0.689
L10825,Egypt,CRS-003,4.0,0.829,16.6,0.588
L10196,South Africa,CRS-003,1.4,0.926,-5.3,0.757
L10921,South Africa,CRS-014,17.2,0.519,16.6,0.731
L13311,South Africa,CRS-014,5.1,0.529,-0.1,0.811
L12745,Egypt,CRS-005,4.0,0.760,16.6,0.618
L13379,South Africa,CRS-007,5.5,0.504,-13.5,0.893
L11218,South Africa,CRS-006,1.2,0.544,-13.5,0.762
L12527,South Africa,CRS-007,0.5,0.766,-0.3,0.872
L14801,Egypt,CRS-002,30.2,0.461,18.0,0.319
L15035,Egypt,CRS-010,2.9,0.818,-10.5,0.584
L11125,South Africa,CRS-007,52.7,0.407,3.9,0.567
L10450,Egypt,CRS-008,12.9,0.621,-9.7,0.879
L13834,South Africa,CRS-008,6.3,0.941,3.9,0.859
L14493,South Africa,CRS-012,2.0,0.377,11.3,0.703
L11045,South Africa,CRS-001,3.1,0.650,-3.4,0.922
L15337,South Africa,CRS-001,15.5,0.742,-2.8,0.728
L15111,South Africa,CRS-006,13.4,0.739,16.9,0.707
L14641,Egypt,CRS-006,1.4,0.718,-6.1,0.547
L14076,South Africa,CRS-001,25.9,0.465,-1.7,0.375
L14302,Egypt,CRS-012,20.5,0.641,-12.3,0.366
L12794,South Africa,CRS-009,25.7,0.739,-4.9,0.556
L11347,South Africa,CRS-012,21.4,0.764,28.9,0.665
L11595,South Africa,CRS-006,1.5,0.546,-7.2,0.585
L11915,South Africa,CRS-001,2.7,0.835,7.6,0.785
L14662,South Africa,CRS-006,1.6,0.933,-3.5,0.517
L12265,South Africa,CRS-010,0.8,0.904,21.2,0.579
L10449,South Africa,CRS-001,5.2,0.771,-4.8,0.637
L12662,Egypt,CRS-010,2.6,0.782,-3.8,0.821
L12161,Egypt,CRS-006,0.4,0.695,-14.4,0.813
L13139,Egypt,CRS-012,15.1,0.480,9.1,0.905
L10952,Egypt,CRS-012,1.3,0.707,16.0,0.334
L14003,Egypt,CRS-012,29.4,0.882,-5.8,0.971
L14510,South Africa,CRS-012,0.0,0.824,3.2,0.590
L12381,Egypt,CRS-007,10.1,0.376,1.3,0.703
L14187,South Africa,CRS-008,41.7,0.749,19.4,0.464
L13211,Egypt,CRS-007,4.2,0.950,-12.4,0.611
L12974,South Africa,CRS-003,2.8,0.756,-5.5,0.819
L11043,South Africa,CRS-011,30.2,0.958,12.6,0.579
L10040,South Africa,CRS-005,5.8,0.658,2.3,0.604
L12277,South Africa,CRS-010,2.2,0.737,4.0,0.460
L11195,Egypt,CRS-004,6.9,0.728,6.7,0.645
L12862,South Africa,CRS-007,0.4,0.844,9.3,0.638
L12753,Egypt,CRS-007,9.1,0.703,-9.3,0.650
L14265,South Africa,CRS-015,0.1,0.555,3.3,0.917
L14065,Egypt,CRS-006,14.3,0.765,-4.7,0.938
L14624,South Africa,CRS-002,0.6,0.651,-45.1,0.914
L14749,Egypt,CRS-013,7.1,0.314,5.2,0.821
L12271,Egypt,CRS-009,13.7,0.912,-10.8,0.702
L10859,South Africa,CRS-012,2.8,0.942,-0.0,0.857
L10281,Egypt,CRS-012,4.7,0.685,-34.9,0.890
L12151,South Africa,CRS-003,2.6,0.730,-12.4,0.776
L14616,Egypt,CRS-005,7.6,0.794,-19.9,0.319
L10941,South Africa,CRS-003,18.4,0.571,-10.0,0.460
L12815,Egypt,CRS-015,9.6,0.417,-11.8,0.631
L13240,Egypt,CRS-010,7.6,0.689,-8.9,0.856
L12365,Egypt,CRS-003,1.0,0.781,3.6,0.756
L12104,Egypt,CRS-006,0.1,0.633,-11.6,0.859
L11980,South Africa,CRS-015,15.5,0.762,-12.2,0.489
L14738,Egypt,CRS-007,14.7,0.705,2.6,0.664
L15253,South Africa,CRS-005,5.7,0.105,-8.2,0.949
L13319,Egypt,CRS-014,25.1,0.524,-11.7,0.373
L15242,Egypt,CRS-001,4.3,0.905,6.5,0.912
L13232,Egypt,CRS-012,1.8,0.185,-8.2,0.764
L14266,South Africa,CRS-006,1.9,0.809,1.0,0.761
L14960,South Africa,CRS-012,9.7,0.887,0.1,0.782
L13376,Egypt,CRS-012,3.6,0.874,8.7,0.341
L11192,Egypt,CRS-003,3.7,0.739,14.7,0.836
L11767,South Africa,CRS-003,29.1,0.576,6.1,0.655
L12320,Egypt,CRS-008,20.0,0.751,2.0,0.587
L10879,Egypt,CRS-014,13.8,0.400,5.4,0.705
L14821,Egypt,CRS-013,0.7,0.821,26.2,0.853
L13988,South Africa,CRS-005,0.2,0.579,-35.5,0.494
L11268,South Africa,CRS-002,17.7,0.707,10.8,0.459
L13072,South Africa,CRS-005,0.6,0.610,16.8,0.371
L11182,Egypt,CRS-003,1.1,0.767,-12.2,0.624
L14276,Egypt,CRS-008,1.7,0.559,8.2,0.801
L14718,South Africa,CRS-015,1.0,0.686,-2.9,0.749
L11466,Egypt,CRS-009,21.1,0.905,7.1,0.451
L11918,South Africa,CRS-014,14.3,0.867,-0.1,0.568
L11116,South Africa,CRS-003,7.0,0.990,-28.7,0.788
L15327,Egypt,CRS-005,0.7,0.888,-12.4,0.781
L13340,Egypt,CRS-009,1.5,0.489,19.4,0.554
L11524,Egypt,CRS-011,3.7,0.807,-16.3,0.584
L13827,Egypt,CRS-001,0.4,0.592,1.9,0.563
L14403,South Africa,CRS-012,6.4,0.609,-14.9,0.370
L14409,South Africa,CRS-004,5.9,0.648,-4.8,0.945
L11747,Egypt,CRS-015,2.1,0.242,4.3,0.688
L12869,South Africa,CRS-007,3.4,0.846,-22.9,0.865
L11965,South Africa,CRS-015,14.0,0.687,-7.9,0.843
L14711,South Africa,CRS-015,8.1,0.429,-10.1,0.928
L10135,South Africa,CRS-014,4.6,0.799,0.0,0.531
L14104,Egypt,CRS-004,4.2,0.835,-23.0,0.865
L12343,Egypt,CRS-013,4.8,0.248,22.7,0.934
L12507,Egypt,CRS-005,2.0,0.677,3.1,0.433
L14995,Egypt,CRS-004,13.7,0.775,-0.3,0.316
L15050,South Africa,CRS-004,3.7,0.430,-19.6,0.935
L10946,Egypt,CRS-004,3.3,0.823,1.8,0.619
L15130,South Africa,CRS-006,27.5,0.435,18.8,0.850
L14529,South Africa,CRS-013,11.9,0.669,17.8,0.390
L14871,Egypt,CRS-010,12.0,0.743,-2.8,0.433
L12449,Egypt,CRS-002,4.1,0.586,-1.9,0.343
L12951,South Africa,CRS-006,4.5,0.314,-24.0,0.711
L12228,South Africa,CRS-001,7.4,0.955,-0.9,0.526
L10652,Egypt,CRS-014,1.6,0.569,11.8,0.504
L14472,South Africa,CRS-015,0.1,0.371,-5.9,0.732
L14521,Egypt,CRS-013,0.3,0.783,3.6,0.856
L14507,Egypt,CRS-008,22.4,0.657,-14.6,0.809
L11730,South Africa,CRS-003,0.0,0.535,-8.0,0.725
L10381,South Africa,CRS-005,0.7,0.242,-13.3,0.797
L12303,South Africa,CRS-012,10.2,0.768,-1.1,0.841
L10386,South Africa,CRS-003,24.0,0.691,-2.0,0.671
L12189,South Africa,CRS-008,29.4,0.825,-14.9,0.853
L10518,Egypt,CRS-003,4.9,0.562,-12.5,0.825
L13095,Egypt,CRS-001,5.2,0.959,4.8,0.629
L14660,South Africa,CRS-005,12.4,0.943,10.7,0.824
L11866,Egypt,CRS-011,2.1,0.742,12.0,0.858
L10213,South Africa,CRS-010,8.1,0.734,2.1,0.727
L12779,Egypt,CRS-004,2.8,0.248,-25.0,0.649
L10274,South Africa,CRS-015,10.1,0.469,-4.0,0.825
L13993,South Africa,CRS-013,2.2,0.618,-39.4,0.691
L10759,South Africa,CRS-006,5.3,0.486,-4.1,0.766
L11774,South Africa,CRS-008,7.3,0.827,-1.3,0.682
L14449,South Africa,CRS-013,1.4,0.896,-12.2,0.939
L10765,Egypt,CRS-010,1.8,0.886,-8.8,0.443
L13171,Egypt,CRS-009,1.0,0.453,14.4,0.857
L12135,South Africa,CRS-007,1.3,0.775,-8.0,0.330
L10732,South Africa,CRS-012,2.7,0.762,24.1,0.533
L12595,South Africa,CRS-008,9.9,0.973,12.8,0.224
L12929,South Africa,CRS-004,1.0,0.565,-1.0,0.813
L15308,South Africa,CRS-002,8.4,0.962,-9.5,0.761
L13320,Egypt,CRS-014,8.6,0.413,10.4,0.500
L12283,Egypt,CRS-012,11.0,0.400,-3.2,0.935
L15279,South Africa,CRS-004,1.6,0.343,4.5,0.851
L13782,Egypt,CRS-007,2.5,0.882,-3.1,0.641
L13126,South Africa,CRS-010,6.5,0.788,17.6,0.860
L10719,Egypt,CRS-012,7.3,0.888,-20.4,0.525
L15320,South Africa,CRS-005,17.9,0.850,-8.7,0.719
L12780,South Africa,CRS-008,12.8,0.850,-13.9,0.873
L12316,Egypt,CRS-007,8.7,0.424,-6.1,0.494
L15075,Egypt,CRS-013,2.0,0.735,12.8,0.830
L11179,Egypt,CRS-010,54.7,0.735,30.7,0.614
L14866,South Africa,CRS-011,8.2,0.809,-19.8,0.618
L10491,Egypt,CRS-012,7.8,0.852,-4.1,0.471
L12073,South Africa,CRS-001,6.6,0.497,-19.5,0.415
L10988,South Africa,CRS-001,5.7,0.961,7.8,0.553
L13510,South Africa,CRS-004,9.1,0.600,-2.2,0.829
L15041,South Africa,CRS-006,9.6,0.761,-5.4,0.710
L12521,Egypt,CRS-003,18.0,0.652,-22.9,0.783
L14581,Egypt,CRS-013,3.6,0.812,-31.1,0.675
L11729,Egypt,CRS-011,4.7,0.628,-31.0,0.784
L10856,South Africa,CRS-012,17.1,0.573,6.7,0.665
L13846,Egypt,CRS-015,3.2,0.706,-3.8,0.401
L14561,Egypt,CRS-014,8.1,0.879,1.1,0.703
L13023,South Africa,CRS-010,11.4,0.814,-14.3,0.744
L14586,South Africa,CRS-010,18.7,0.746,3.1,0.596
L14780,Egypt,CRS-007,10.9,0.916,6.7,0.790
L14957,South Africa,CRS-012,7.3,0.503,4.7,0.270
L13865,Egypt,CRS-015,1.3,0.801,0.1,0.701
L10712,Egypt,CRS-001,5.8,0.809,-1.8,0.482
L12545,South Africa,CRS-004,1.7,0.377,-19.6,0.849
L13791,South Africa,CRS-005,12.2,0.563,-8.2,0.868
L14351,Egypt,CRS-007,11.6,0.323,-12.9,0.266
L10995,Egypt,CRS-012,3.0,0.531,-4.2,0.441
L11735,South Africa,CRS-001,13.2,0.420,-26.2,0.893
L14186,South Africa,CRS-002,52.7,0.687,7.7,0.561
L11539,Egypt,CRS-002,2.5,0.743,18.9,0.874
L11638,Egypt,CRS-002,6.7,0.949,-0.8,0.865
L11186,Egypt,CRS-008,12.2,0.894,-12.2,0.573
L10704,South Africa,CRS-015,19.0,0.101,-12.5,0.500
L12397,South Africa,CRS-002,3.1,0.607,5.5,0.699
L14592,South Africa,CRS-007,8.5,0.158,4.2,0.544
L12496,South Africa,CRS-008,1.9,0.429,2.1,0.899
L14239,Egypt,CRS-009,4.1,0.219,9.3,0.740
L14235,Egypt,CRS-001,13.9,0.477,27.6,0.553
L12667,South Africa,CRS-015,1.7,0.189,17.3,0.566
L15068,Egypt,CRS-015,13.2,0.370,-4.7,0.804
L13442,Egypt,CRS-009,6.6,0.888,21.2,0.363
L10421,South Africa,CRS-012,0.1,0.619,6.3,0.788
L10180,Egypt,CRS-006,2.7,0.892,9.9,0.848
L15061,Egypt,CRS-004,12.6,0.670,-7.4,0.911
L15033,Egypt,CRS-002,11.2,0.517,-8.4,0.520
L11564,Egypt,CRS-008,23.6,0.758,9.5,0.182
L14312,Egypt,CRS-008,34.4,0.481,-9.9,0.345
L11083,South Africa,CRS-006,1.0,0.597,5.8,0.878
L13632,South Africa,CRS-015,37.5,0.953,11.9,0.890
L13231,Egypt,CRS-003,8.0,0.421,0.5,0.619
L10385,Egypt,CRS-007,7.7,0.584,-18.6,0.199
L10325,South Africa,CRS-003,10.2,0.878,-19.6,0.887
L12175,South Africa,CRS-008,7.6,0.169,2.7,0.796
L12145,South Africa,CRS-006,4.2,0.955,9.0,0.644
L12460,South Africa,CRS-011,7.7,0.952,4.1,0.534
L11936,South Africa,CRS-009,24.4,0.829,-10.9,0.673
L14908,Egypt,CRS-009,0.4,0.594,8.1,0.462
L14875,Egypt,CRS-010,9.0,0.400,10.8,0.914
L11704,Egypt,CRS-010,23.8,0.818,-15.9,0.802
L11319,Egypt,CRS-009,4.9,0.777,-23.3,0.923
L14426,Egypt,CRS-003,0.0,0.677,-8.2,0.243
L11128,South Africa,CRS-005,1.7,0.876,5.0,0.650
L12726,Egypt,CRS-011,8.1,0.504,0.6,0.636
L13316,South Africa,CRS-013,11.4,0.905,12.1,0.566
L14210,Egypt,CRS-009,12.4,0.712,10.9,0.792
L13917,Egypt,CRS-006,8.0,0.690,4.6,0.461
L14202,Egypt,CRS-009,1.4,0.622,-5.9,0.788
L10809,South Africa,CRS-014,17.9,0.524,-15.7,0.954
L11484,Egypt,CRS-003,2.7,0.523,-16.8,0.801
L14979,South Africa,CRS-005,3.6,0.566,-8.0,0.888
L15377,South Africa,CRS-005,28.2,0.496,10.9,0.887
L13799,Egypt,CRS-003,9.0,0.225,3.2,0.817
L12353,Egypt,CRS-002,1.4,0.445,-7.9,0.590
L10602,Egypt,CRS-006,1.4,0.725,-24.8,0.882
L15051,Egypt,CRS-013,7.6,0.608,-14.6,0.706
L15225,South Africa,CRS-004,16.7,0.879,-9.1,0.178
L14831,Egypt,CRS-009,27.6,0.957,-23.2,0.649
L10076,South Africa,CRS-012,3.2,0.837,4.9,0.934
L10577,Egypt,CRS-006,25.0,0.879,8.3,0.823
L14856,Egypt,CRS-008,17.4,0.402,-8.6,0.762
L10725,South Africa,CRS-004,12.0,0.701,-12.1,0.833
L12039,South Africa,CRS-012,7.5,0.944,-4.4,0.718
L14423,South Africa,CRS-014,0.8,0.654,-13.6,0.580
L14608,Egypt,CRS-005,14.1,0.765,5.8,0.553
L11342,Egypt,CRS-015,10.6,0.573,1.5,0.544
L10710,Egypt,CRS-009,8.7,0.656,-0.0,0.930
L11542,South Africa,CRS-003,7.1,0.678,-5.5,0.790
L11663,Egypt,CRS-012,9.2,0.787,0.9,0.624
L15148,Egypt,CRS-010,39.8,0.283,9.3,0.797
L11066,Egypt,CRS-002,3.1,0.973,2.4,0.862
L10467,South Africa,CRS-007,4.1,0.827,-8.5,0.839
L11752,Egypt,CRS-002,18.6,0.745,2.6,0.695
L12484,Egypt,CRS-002,16.6,0.414,-3.0,0.915
L13159,Egypt,CRS-013,3.5,0.711,-6.3,0.759
L10004,Egypt,CRS-015,3.7,0.581,17.0,0.875
L11721,Egypt,CRS-008,29.9,0.882,12.6,0.595
L13863,South Africa,CRS-013,12.2,0.831,0.7,0.472
L13049,Egypt,CRS-002,32.4,0.555,9.5,0.546
L12285,South Africa,CRS-006,54.2,0.762,14.0,0.810
L13466,Egypt,CRS-011,21.3,0.768,14.8,0.660
L11537,Egypt,CRS-009,10.5,0.730,-8.2,0.724
L13389,South Africa,CRS-011,1.0,0.181,-3.6,0.211
L10666,South Africa,CRS-007,23.7,0.894,-20.6,0.809
L14656,South Africa,CRS-011,5.2,0.923,1.6,0.719
L11614,Egypt,CRS-006,2.5,0.801,3.6,0.587
L11295,Egypt,CRS-009,1.2,0.874,8.9,0.549
L13279,Egypt,CRS-002,4.0,0.758,4.6,0.889
L15353,Egypt,CRS-010,19.9,0.798,8.9,0.710
L13019,South Africa,CRS-015,6.9,0.227,1.5,0.915
L11371,South Africa,CRS-013,25.9,0.749,3.8,0.726
L13500,Egypt,CRS-001,18.2,0.705,2.8,0.664
L13998,Egypt,CRS-013,13.2,0.697,-14.0,0.311
L12623,South Africa,CRS-011,16.2,0.675,-14.7,0.738
L14777,South Africa,CRS-005,6.7,0.541,-2.7,0.761
L14919,Egypt,CRS-008,1.8,0.908,-19.6,0.638
L11162,Egypt,CRS-010,1.1,0.753,-26.2,0.600
L10671,South Africa,CRS-011,2.4,0.296,-25.0,0.856
L12722,South Africa,CRS-011,11.9,0.645,-24.0,0.812
L10979,Egypt,CRS-005,2.0,0.804,11.2,0.789
L11987,Egypt,CRS-009,6.3,0.952,-9.6,0.914
L13733,South Africa,CRS-001,6.3,0.753,9.6,0.762
L10009,Egypt,CRS-003,26.9,0.598,-22.2,0.771
L14131,South Africa,CRS-008,27.4,0.748,-15.3,0.820
L14097,Egypt,CRS-006,6.1,0.589,8.5,0.269
L13322,South Africa,CRS-004,17.0,0.907,-10.2,0.700
L15374,Egypt,CRS-014,8.3,0.264,1.1,0.756
L11904,Egypt,CRS-005,9.4,0.748,-16.9,0.743
L13756,Egypt,CRS-008,1.9,0.442,1.6,0.881
L12673,Egypt,CRS-012,7.8,0.481,9.2,0.702
L12338,South Africa,CRS-001,3.6,0.835,2.4,0.907
L11584,Egypt,CRS-004,0.9,0.738,-10.3,0.932
L15233,Egypt,CRS-002,1.2,0.832,1.7,0.695
L12215,South Africa,CRS-005,2.4,0.796,-41.6,0.926
L12695,Egypt,CRS-007,1.1,0.786,8.1,0.947
L11075,South Africa,CRS-007,4.8,0.835,-7.9,0.745
L12063,Egypt,CRS-007,11.9,0.822,-3.3,0.703
L10745,Egypt,CRS-002,8.3,0.586,-4.2,0.652
L12184,South Africa,CRS-013,6.6,0.549,-17.3,0.748
L14509,Egypt,CRS-012,8.5,0.100,20.7,0.543
L15177,South Africa,CRS-005,25.1,0.491,-3.2,0.561
L11289,Egypt,CRS-006,14.1,0.676,2.5,0.588
L14442,Egypt,CRS-001,5.7,0.843,-8.4,0.856
L13682,Egypt,CRS-010,5.9,0.836,10.4,0.420
L11232,Egypt,CRS-010,7.3,0.716,-6.4,0.558
L13850,Egypt,CRS-010,20.2,0.395,-8.5,0.462
L14337,Egypt,CRS-014,0.1,0.863,7.6,0.362
L11927,South Africa,CRS-001,9.5,0.784,-16.2,0.850
L15076,Egypt,CRS-014,1.8,0.710,-38.8,0.780
L11473,Egypt,CRS-004,11.6,0.764,2.6,0.674
L14140,Egypt,CRS-006,0.1,0.474,-23.3,0.835
L14007,Egypt,CRS-007,11.4,0.743,0.1,0.933
L15295,Egypt,CRS-011,3.2,0.840,-4.2,0.755
L11693,South Africa,CRS-009,3.0,0.560,-3.1,0.637
L15103,Egypt,CRS-013,28.5,0.749,37.6,0.664
L11169,Egypt,CRS-007,2.6,0.919,-23.1,0.729
L14260,South Africa,CRS-005,8.4,0.657,21.2,0.642
L14612,South Africa,CRS-015,6.0,0.768,1.4,0.699
L14646,Egypt,CRS-015,18.6,0.524,-17.5,0.838
L11949,South Africa,CRS-002,4.8,0.820,4.1,0.409
L11578,Egypt,CRS-015,13.3,0.840,-16.8,0.757
L10847,South Africa,CRS-013,3.1,0.673,-1.6,0.699
L11963,Egypt,CRS-006,21.3,0.935,-0.0,0.594
L11252,Egypt,CRS-015,0.9,0.599,-18.3,0.808
L10465,South Africa,CRS-013,2.0,0.564,9.7,0.581
L13228,Egypt,CRS-001,8.3,0.625,4.8,0.942
L13029,Egypt,CRS-015,10.8,0.378,-5.4,0.780
L11950,South Africa,CRS-015,12.5,0.516,12.2,0.481
L11326,South Africa,CRS-003,0.7,0.719,14.5,0.516
L14815,South Africa,CRS-010,1.2,0.650,2.0,0.829
L11032,Egypt,CRS-009,2.7,0.903,-8.4,0.787
L11769,Egypt,CRS-004,14.0,0.429,-21.7,0.652
L10508,South Africa,CRS-009,3.3,0.137,1.5,0.931
L14859,South Africa,CRS-002,1.2,0.805,1.1,0.665
L13806,South Africa,CRS-008,10.7,0.751,-49.4,0.550
L12885,South Africa,CRS-011,31.2,0.959,-11.2,0.539
L10415,Egypt,CRS-004,5.1,0.721,-21.0,0.838
L11887,Egypt,CRS-013,13.5,0.667,17.6,0.854
L15209,Egypt,CRS-008,1.1,0.761,-11.0,0.502
L15081,South Africa,CRS-008,4.1,0.888,-49.0,0.895
L14812,South Africa,CRS-007,0.6,0.942,6.8,0.577
L13223,Egypt,CRS-006,0.3,0.612,10.2,0.757
L10510,South Africa,CRS-007,5.3,0.631,-1.8,0.936
L14767,South Africa,CRS-001,18.7,0.407,-20.1,0.723
L11168,South Africa,CRS-010,1.2,0.649,-2.6,0.746
L12461,South Africa,CRS-003,7.5,0.748,12.9,0.884
L11366,Egypt,CRS-012,22.6,0.781,-4.4,0.573
L13113,South Africa,CRS-007,9.1,0.935,-5.5,0.847
L14161,South Africa,CRS-011,14.3,0.805,-4.9,0.877
L13295,Egypt,CRS-011,9.6,0.394,-23.1,0.818
L14966,Egypt,CRS-013,9.3,0.413,13.9,0.630
L11362,Egypt,CRS-012,6.6,0.669,16.5,0.363
L13429,South Africa,CRS-010,1.5,0.520,8.2,0.437
L12351,Egypt,CRS-009,13.7,0.412,-1.0,0.690
L12109,Egypt,CRS-006,1.8,0.855,15.7,0.887
L15179,Egypt,CRS-003,12.4,0.907,-1.1,0.460
L13688,Egypt,CRS-012,2.3,0.777,-3.9,0.775
L15146,South Africa,CRS-005,6.4,0.703,-18.4,0.102
L14490,Egypt,CRS-014,0.9,0.817,-20.5,0.790
L12181,South Africa,CRS-006,34.4,0.791,12.7,0.693
L10784,South Africa,CRS-014,0.1,0.571,-2.6,0.553
L14704,South Africa,CRS-004,18.9,0.538,0.6,0.719
L13468,Egypt,CRS-009,6.8,0.543,-16.3,0.233
L11563,Egypt,CRS-010,8.1,0.624,2.8,0.778
L13948,Egypt,CRS-007,28.7,0.691,-3.8,0.747
L11106,Egypt,CRS-006,9.5,0.747,9.2,0.830
L13539,Egypt,CRS-003,1.4,0.892,1.0,0.240
L10823,South Africa,CRS-006,9.3,0.553,15.4,0.624
L12309,South Africa,CRS-014,1.8,0.484,1.7,0.623
L14136,South Africa,CRS-002,0.6,0.441,6.9,0.739
L15348,Egypt,CRS-011,4.0,0.864,-3.5,0.696
L12655,South Africa,CRS-011,6.6,0.838,21.0,0.723
L13543,South Africa,CRS-004,26.9,0.961,3.7,0.740
L10002,South Africa,CRS-008,3.2,0.600,6.3,0.747
L14157,Egypt,CRS-001,5.9,0.953,-3.5,0.845
L15383,South Africa,CRS-015,9.6,0.899,-47.6,0.754
L12021,South Africa,CRS-001,2.4,0.723,5.9,0.828
L10043,South Africa,CRS-012,1.0,0.108,-17.0,0.809
L11374,Egypt,CRS-012,1.5,0.843,-14.4,0.736
L11765,Egypt,CRS-008,4.5,0.565,26.3,0.824
L11756,Egypt,CRS-001,4.9,0.375,-0.6,0.414
L13976,South Africa,CRS-008,4.2,0.540,-7.3,0.530
L10888,South Africa,CRS-011,2.0,0.806,-7.8,0.704
L10703,South Africa,CRS-003,1.2,0.801,-15.2,0.935
L12382,South Africa,CRS-005,8.5,0.311,-2.4,0.776
L13551,South Africa,CRS-012,3.3,0.770,-3.7,0.779
L13477,South Africa,CRS-001,15.8,0.455,-44.1,0.747
L12948,Egypt,CRS-008,33.8,0.852,3.0,0.857
L10339,South Africa,CRS-010,8.5,0.733,15.8,0.911
L10622,South Africa,CRS-008,11.8,0.705,-26.8,0.944
L10038,Egypt,CRS-001,44.2,0.916,19.5,0.595
L12428,South Africa,CRS-013,4.2,0.771,-12.0,0.959
L12724,South Africa,CRS-001,50.0,0.733,8.3,0.654
L10322,South Africa,CRS-011,1.9,0.804,4.1,0.681
L10829,Egypt,CRS-012,4.3,0.551,-6.7,0.541
L10762,Egypt,CRS-004,9.5,0.332,12.7,0.600
L10911,Egypt,CRS-006,51.2,0.745,-10.7,0.861
L13031,South Africa,CRS-005,10.6,0.210,1.0,0.709
L13526,Egypt,CRS-012,0.4,0.880,-6.0,0.708
L11392,Egypt,CRS-006,33.5,0.822,1.8,0.558
L14388,Egypt,CRS-006,1.1,0.792,4.4,0.296
L12852,South Africa,CRS-010,3.6,0.734,3.4,0.339
L10288,South Africa,CRS-005,19.6,0.840,-8.0,0.932
L13310,South Africa,CRS-004,29.3,0.658,5.7,0.835
L10709,South Africa,CRS-012,14.7,0.777,-2.8,0.554
L11507,South Africa,CRS-001,1.7,0.703,12.6,0.711
L14721,Egypt,CRS-002,12.3,0.913,-8.3,0.483
L13405,South Africa,CRS-005,2.0,0.700,-4.2,0.622
L11910,South Africa,CRS-002,7.0,0.927,3.2,0.683
L10610,Egypt,CRS-008,3.8,0.435,6.1,0.915
L12923,Egypt,CRS-013,2.2,0.720,2.9,0.695
L14220,Egypt,CRS-009,15.3,0.660,-4.7,0.605
L10667,Egypt,CRS-002,2.1,0.296,3.6,0.751
L10170,Egypt,CRS-014,4.7,0.503,0.8,0.838
L15262,Egypt,CRS-015,1.6,0.747,5.7,0.782
L11436,Egypt,CRS-003,0.5,0.222,2.6,0.625
L12530,Egypt,CRS-015,1.2,0.724,-21.4,0.595
L14681,South Africa,CRS-006,2.9,0.710,6.8,0.606
L14899,South Africa,CRS-014,3.7,0.900,2.7,0.515
L12744,Egypt,CRS-012,19.8,0.873,-12.5,0.244
L10409,Egypt,CRS-007,6.7,0.711,7.6,0.894
L13251,Egypt,CRS-012,6.8,0.780,-6.1,0.746
L13781,Egypt,CRS-006,2.2,0.761,-28.5,0.941
L10583,Egypt,CRS-008,0.7,0.738,-27.4,0.868
L13597,South Africa,CRS-005,12.4,0.884,5.8,0.601
L11748,South Africa,CRS-012,1.8,0.677,7.4,0.770
L11859,South Africa,CRS-010,2.1,0.698,-10.8,0.225
L14701,South Africa,CRS-014,30.9,0.341,4.8,0.679
L11804,Egypt,CRS-015,5.7,0.371,-1.8,0.627
L14484,Egypt,CRS-015,10.5,0.561,-26.0,0.724
L14515,South Africa,CRS-012,5.4,0.913,-0.1,0.859
L13097,South Africa,CRS-004,10.8,0.721,-6.9,0.896
L10088,South Africa,CRS-001,3.9,0.582,-6.9,0.680
L10285,South Africa,CRS-008,12.7,0.771,-5.6,0.736
L15226,Egypt,CRS-002,18.9,0.606,-0.6,0.911
L15191,Egypt,CRS-009,6.5,0.633,16.1,0.949
L10484,Egypt,CRS-015,5.7,0.794,-0.5,0.651
L13479,Egypt,CRS-015,47.3,0.989,-12.2,0.486
L11795,South Africa,CRS-014,22.4,0.970,7.7,0.580
L15239,South Africa,CRS-009,3.2,0.798,-1.5,0.972
L10718,Egypt,CRS-009,9.0,0.665,0.8,0.740
L10423,Egypt,CRS-008,2.9,0.795,11.2,0.576
L11640,South Africa,CRS-010,1.9,0.578,0.4,0.682
L11214,Egypt,CRS-002,0.9,0.934,-11.2,0.607
L14389,Egypt,CRS-010,3.2,0.490,-3.1,0.613
L12812,South Africa,CRS-011,9.2,0.200,9.6,0.825
L14380,South Africa,CRS-002,8.5,0.888,-11.3,0.627
L13726,Egypt,CRS-014,38.1,0.849,-11.5,0.410
L13296,Egypt,CRS-003,8.4,0.670,-0.9,0.864
L14329,South Africa,CRS-009,5.5,0.659,-1.7,0.723
L15358,Egypt,CRS-009,13.7,0.773,-8.6,0.398
L11778,South Africa,CRS-003,2.9,0.922,12.9,0.734
L12431,South Africa,CRS-011,0.5,0.891,-6.5,0.953
L10641,South Africa,CRS-006,54.0,0.812,9.4,0.845
L15109,Egypt,CRS-015,11.0,0.803,1.6,0.114
L13567,South Africa,CRS-012,2.9,0.448,4.4,0.554
L13922,South Africa,CRS-002,11.6,0.635,-14.7,0.223
L11509,Egypt,CRS-015,19.9,0.761,5.5,0.780
L10136,South Africa,CRS-015,29.9,0.911,-2.3,0.934
L11621,South Africa,CRS-015,5.5,0.708,-0.4,0.438
L13880,Egypt,CRS-011,11.0,0.746,-11.4,0.886
L10734,South Africa,CRS-010,25.3,0.849,1.7,0.738
L14209,Egypt,CRS-010,1.7,0.714,-22.4,0.780
L14814,Egypt,CRS-001,2.5,0.743,4.9,0.795
L13040,South Africa,CRS-012,8.4,0.546,11.7,0.786
L13415,Egypt,CRS-002,3.8,0.202,-48.4,0.718
L14211,South Africa,CRS-004,19.2,0.438,-12.3,0.737
L13489,Egypt,CRS-002,2.8,0.542,-8.8,0.119
L14882,South Africa,CRS-007,35.6,0.940,6.0,0.723
L15235,Egypt,CRS-010,17.0,0.554,-2.1,0.620
L12659,South Africa,CRS-013,2.2,0.743,3.1,0.911
L13226,South Africa,CRS-009,0.2,0.813,8.1,0.691
L14832,South Africa,CRS-001,6.5,0.598,2.0,0.729
L13965,South Africa,CRS-015,11.0,0.879,-12.7,0.885
L10496,Egypt,CRS-015,5.8,0.627,-1.8,0.542
L15329,Egypt,CRS-006,11.4,0.756,-24.3,0.753
L10370,South Africa,CRS-005,5.5,0.944,-9.4,0.580
L13808,Egypt,CRS-008,0.5,0.863,-6.3,0.241
L13920,South Africa,CRS-011,21.7,0.918,-16.3,0.693
L10768,Egypt,CRS-010,17.6,0.701,-6.5,0.701
L15017,Egypt,CRS-008,5.1,0.649,-6.7,0.578
L10331,Egypt,CRS-012,2.9,0.682,11.0,0.343
L10616,Egypt,CRS-013,2.0,0.822,-2.8,0.489
L12784,Egypt,CRS-014,16.5,0.595,17.9,0.898
L13575,Egypt,CRS-009,22.5,0.864,2.9,0.277
L14847,South Africa,CRS-012,6.9,0.409,4.2,0.790
L10296,Egypt,CRS-005,8.0,0.623,6.1,0.797
L10798,Egypt,CRS-002,19.6,0.899,-13.7,0.648
L10237,Egypt,CRS-001,15.8,0.799,-12.5,0.692
L15304,South Africa,CRS-011,5.3,0.883,2.5,0.523
L13495,South Africa,CRS-007,4.3,0.770,-19.9,0.901
L14744,Egypt,CRS-013,1.7,0.556,-17.3,0.819
L12488,Egypt,CRS-014,2.8,0.500,-6.6,0.372
L14894,Egypt,CRS-007,16.8,0.598,-6.8,0.634
L14622,Egypt,CRS-004,17.4,0.575,-6.6,0.623
L14323,Egypt,CRS-005,35.9,0.783,-11.6,0.943
L14151,Egypt,CRS-011,22.0,0.672,-16.1,0.877
L15004,Egypt,CRS-015,8.4,0.835,-2.7,0.661
L12274,South Africa,CRS-005,3.8,0.514,7.7,0.322
L15244,South Africa,CRS-010,3.2,0.870,1.8,0.661
L12155,South Africa,CRS-014,58.8,0.864,-5.7,0.783
L10882,Egypt,CRS-003,6.7,0.820,1.8,0.262
L11925,Egypt,CRS-001,6.1,0.556,0.4,0.685
L12888,South Africa,CRS-003,8.0,0.549,-15.3,0.713
L11921,South Africa,CRS-014,0.5,0.874,-4.3,0.938
L12996,Egypt,CRS-002,17.4,0.548,-17.4,0.930
L14461,South Africa,CRS-015,8.9,0.945,11.2,0.872
L11843,Egypt,CRS-005,52.1,0.867,-26.0,0.777
L10676,South Africa,CRS-010,3.4,0.718,-0.3,0.397
L14560,South Africa,CRS-006,17.9,0.801,4.4,0.766
L13332,South Africa,CRS-011,3.5,0.807,-1.9,0.563
L10399,South Africa,CRS-005,40.8,0.850,-17.8,0.799
L14766,South Africa,CRS-007,0.7,0.686,10.9,0.634
L14806,Egypt,CRS-008,18.0,0.569,11.5,0.776
L14741,Egypt,CRS-004,9.4,0.438,7.2,0.764
L11341,South Africa,CRS-013,0.4,0.428,5.7,0.821
L10557,South Africa,CRS-013,16.6,0.675,2.3,0.756
L11081,South Africa,CRS-013,3.2,0.847,14.8,0.841
L11559,Egypt,CRS-010,3.8,0.786,8.7,0.921
L10463,South Africa,CRS-003,7.5,0.786,-19.0,0.530
L11805,South Africa,CRS-002,0.8,0.527,13.5,0.809
L13630,Egypt,CRS-007,14.2,0.839,-2.2,0.561
L12463,South Africa,CRS-001,1.7,0.762,6.4,0.779
L14998,South Africa,CRS-007,24.4,0.688,2.6,0.942
L10905,Egypt,CRS-002,16.2,0.599,0.9,0.580
L14073,South Africa,CRS-014,6.8,0.772,7.8,0.495
L12006,South Africa,CRS-008,8.5,0.463,-0.4,0.625
L14074,South Africa,CRS-001,9.1,0.820,-0.5,0.898
L10685,Egypt,CRS-010,10.5,0.797,-14.3,0.849
L11458,Egypt,CRS-011,13.1,0.896,6.9,0.712
L13192,South Africa,CRS-015,5.7,0.796,-1.8,0.666
L12574,South Africa,CRS-007,28.0,0.426,-2.9,0.765
L10117,South Africa,CRS-013,6.7,0.834,-8.9,0.665
L13014,South Africa,CRS-009,3.1,0.846,2.9,0.879
L11006,South Africa,CRS-010,0.9,0.837,20.4,0.738
L15324,South Africa,CRS-012,6.3,0.794,20.3,0.681
L11321,South Africa,CRS-008,15.3,0.930,-12.4,0.972
L13749,Egypt,CRS-015,0.2,0.668,-2.7,0.183
L13529,South Africa,CRS-004,29.3,0.719,12.2,0.744
L11290,Egypt,CRS-004,3.6,0.947,-7.4,0.687
L13705,Egypt,CRS-014,21.9,0.714,16.6,0.562
L11519,South Africa,CRS-010,1.8,0.903,6.6,0.644
L14996,South Africa,CRS-011,14.7,0.193,3.6,0.820
L13101,Egypt,CRS-013,4.7,0.783,4.0,0.691
L13178,Egypt,CRS-003,0.2,0.524,-10.4,0.782
L15204,South Africa,CRS-007,54.9,0.957,-17.7,0.194
L11568,South Africa,CRS-002,2.4,0.741,-14.4,0.935
L14134,South Africa,CRS-010,0.0,0.577,-2.8,0.670
L13463,South Africa,CRS-015,1.9,0.915,2.1,0.499
L11224,Egypt,CRS-002,1.9,0.739,17.0,0.902
L14005,Egypt,CRS-009,11.3,0.248,16.5,0.729
L11579,Egypt,CRS-005,3.5,0.655,-17.1,0.479
L10056,Egypt,CRS-003,45.1,0.341,-36.4,0.816
L10016,Egypt,CRS-002,11.2,0.928,-31.7,0.792
L12736,South Africa,CRS-013,0.4,0.576,-16.4,0.505
L12755,Egypt,CRS-015,23.4,0.785,-2.5,0.372
L12840,South Africa,CRS-014,4.4,0.741,-3.6,0.702
L10897,Egypt,CRS-010,5.6,0.885,1.0,0.855
L13758,South Africa,CRS-010,1.8,0.287,-37.6,0.609
L11502,Egypt,CRS-006,0.0,0.324,2.3,0.455
L13425,South Africa,CRS-012,1.0,0.873,7.7,0.780
L12055,South Africa,CRS-011,5.1,0.800,-13.0,0.571
L11731,Egypt,CRS-012,0.4,0.655,-3.4,0.912
L10270,South Africa,CRS-008,2.7,0.607,-16.9,0.645
L15384,Egypt,CRS-015,17.4,0.757,5.0,0.663
L12766,Egypt,CRS-006,9.6,0.994,-2.7,0.554
L13003,Egypt,CRS-010,28.5,0.815,14.7,0.886
L11442,South Africa,CRS-001,3.4,0.739,-10.4,0.819
L10455,Egypt,CRS-004,3.0,0.470,-11.3,0.465
L14659,Egypt,CRS-013,14.0,0.973,12.2,0.225
L14720,South Africa,CRS-014,9.9,0.794,-11.1,0.748
L15077,Egypt,CRS-006,4.6,0.726,-1.0,0.963
L10036,South Africa,CRS-006,7.7,0.421,-1.2,0.793
L13986,Egypt,CRS-003,7.7,0.896,-24.3,0.654
L13343,South Africa,CRS-013,17.5,0.881,-1.2,0.820
L13742,South Africa,CRS-010,10.3,0.264,6.8,0.676
L11465,Egypt,CRS-005,0.3,0.938,16.7,0.494
L11860,Egypt,CRS-002,24.3,0.620,8.3,0.911
L12419,Egypt,CRS-011,4.7,0.801,-10.9,0.500
L10532,South Africa,CRS-010,3.7,0.693,-6.0,0.687
L13776,Egypt,CRS-001,6.2,0.223,7.7,0.850
L12706,Egypt,CRS-014,0.0,0.714,12.8,0.631
L12864,South Africa,CRS-012,1.0,0.888,-10.1,0.672
L10314,Egypt,CRS-015,1.5,0.665,-36.5,0.522
L12877,Egypt,CRS-014,29.7,0.547,-29.6,0.331
L15112,Egypt,CRS-004,4.3,0.812,-27.6,0.926
L12704,South Africa,CRS-002,3.0,0.686,-13.5,0.793
L14033,South Africa,CRS-002,3.4,0.699,-26.1,0.593
L15023,Egypt,CRS-007,7.6,0.859,4.4,0.621
L13103,South Africa,CRS-006,0.3,0.959,5.5,0.743
L12347,Egypt,CRS-002,14.6,0.919,20.4,0.921
L13062,South Africa,CRS-003,3.9,0.858,5.0,0.731
L12001,South Africa,CRS-011,10.9,0.851,0.8,0.837
L10694,Egypt,CRS-009,2.1,0.732,1.9,0.705
L11659,South Africa,CRS-005,4.3,0.320,10.2,0.941
L10427,South Africa,CRS-003,1.8,0.445,6.4,0.824
L11535,South Africa,CRS-004,2.9,0.635,-44.9,0.628
L11176,South Africa,CRS-005,16.0,0.578,-30.5,0.617
L13889,Egypt,CRS-009,4.9,0.787,11.4,0.659
L15359,Egypt,CRS-001,0.0,0.650,2.9,0.187
L10414,South Africa,CRS-001,46.5,0.809,-15.4,0.863
L15355,South Africa,CRS-011,17.9,0.652,-14.3,0.559
L11062,Egypt,CRS-013,1.2,0.859,-11.0,0.616
L11494,Egypt,CRS-005,3.8,0.871,-41.7,0.753
L11440,South Africa,CRS-015,2.0,0.611,11.5,0.531
L11126,Egypt,CRS-002,21.8,0.834,8.0,0.738
L13573,South Africa,CRS-003,0.1,0.662,14.2,0.779
L10174,Egypt,CRS-001,57.4,0.734,14.3,0.882
L12329,Egypt,CRS-014,10.6,0.933,6.7,0.643
L14604,Egypt,CRS-008,15.2,0.703,10.7,0.694
L13562,Egypt,CRS-013,8.9,0.878,12.3,0.485
L14474,Egypt,CRS-012,2.3,0.951,-4.8,0.859
L10937,Egypt,CRS-007,3.3,0.770,-2.3,0.480
L14478,South Africa,CRS-001,29.7,0.716,9.0,0.531
L15393,Egypt,CRS-003,2.5,0.355,-20.1,0.919
L13116,Egypt,CRS-005,21.4,0.420,-3.7,0.694
L11361,Egypt,CRS-015,5.5,0.658,-14.9,0.602
L11637,South Africa,CRS-001,5.0,0.381,10.3,0.442
L13652,Egypt,CRS-007,41.5,0.704,-10.9,0.880
L10097,South Africa,CRS-006,0.2,0.962,-11.7,0.674
L12935,South Africa,CRS-005,16.0,0.683,2.4,0.577
L14605,Egypt,CRS-010,16.3,0.908,-34.6,0.683
L11310,South Africa,CRS-010,1.6,0.618,-7.7,0.611
L13994,Egypt,CRS-007,49.3,0.642,16.5,0.608
L13033,Egypt,CRS-002,8.7,0.567,13.6,0.656
L13869,Egypt,CRS-015,1.4,0.843,-0.7,0.788
L12363,Egypt,CRS-008,21.2,0.551,-18.7,0.902
L13400,Egypt,CRS-006,10.1,0.727,-16.3,0.780
L14845,Egypt,CRS-008,25.8,0.469,5.0,0.924
L10924,Egypt,CRS-008,1.5,0.612,-8.7,0.584
L13586,Egypt,CRS-012,1.1,0.252,-9.5,0.579
L14873,South Africa,CRS-004,29.3,0.256,-15.1,0.632
L10005,South Africa,CRS-010,0.2,0.449,-18.6,0.825
L10353,South Africa,CRS-009,3.9,0.615,-2.4,0.819
L15319,South Africa,CRS-012,25.9,0.990,12.2,0.786
L14762,South Africa,CRS-005,3.6,0.665,-4.6,0.317
L10493,South Africa,CRS-005,1.9,0.762,-36.3,0.549
L12013,South Africa,CRS-007,0.4,0.730,-0.3,0.419
L14385,South Africa,CRS-013,18.9,0.189,7.1,0.625
L11618,South Africa,CRS-001,3.5,0.791,-9.0,0.615
L10511,South Africa,CRS-002,9.4,0.631,-1.3,0.915
L10714,Egypt,CRS-002,2.9,0.436,3.6,0.339
L11228,Egypt,CRS-015,4.0,0.737,-7.9,0.774
L10600,Egypt,CRS-001,5.6,0.832,6.0,0.843
L10639,Egypt,CRS-005,10.7,0.717,-9.5,0.927
L14470,Egypt,CRS-010,1.4,0.718,-5.3,0.345
L11076,South Africa,CRS-011,19.3,0.674,13.3,0.800
L11933,South Africa,CRS-002,9.7,0.853,2.0,0.578
L13940,Egypt,CRS-015,10.9,0.412,-32.6,0.547
L14056,South Africa,CRS-006,11.2,0.773,16.4,0.743
L14772,South Africa,CRS-015,4.3,0.203,-6.0,0.948
L11373,South Africa,CRS-006,11.8,0.730,-19.6,0.465
L12529,Egypt,CRS-005,21.2,0.668,-5.4,0.799
L12124,South Africa,CRS-006,0.2,0.763,-3.8,0.426
L11868,Egypt,CRS-009,2.4,0.879,-5.9,0.866
L12140,Egypt,CRS-008,20.1,0.745,-10.5,0.598
L10612,South Africa,CRS-008,28.4,0.429,-1.0,0.768
L14236,Egypt,CRS-008,8.3,0.763,6.7,0.867
L13148,Egypt,CRS-009,4.0,0.867,8.3,0.292
L14725,Egypt,CRS-005,3.5,0.768,-1.4,0.688
L15149,Egypt,CRS-011,2.3,0.752,2.7,0.944
L15119,Egypt,CRS-002,5.7,0.716,-3.7,0.690
L12139,South Africa,CRS-012,6.2,0.886,11.7,0.735
L11582,South Africa,CRS-003,5.6,0.689,15.1,0.786
L14959,Egypt,CRS-010,0.8,0.803,-5.4,0.855
L13732,South Africa,CRS-007,16.2,0.808,-6.2,0.852
L10150,South Africa,CRS-003,18.2,0.546,-0.6,0.183
L12916,Egypt,CRS-014,2.3,0.971,18.9,0.826
L15147,Egypt,CRS-007,38.5,0.719,8.0,0.505
L14093,Egypt,CRS-006,1.5,0.857,-25.3,0.802
L13105,Egypt,CRS-005,27.4,0.910,23.7,0.365
L11381,Egypt,CRS-002,8.1,0.846,17.3,0.830
L10253,Egypt,CRS-011,2.0,0.971,10.3,0.653
L14858,South Africa,CRS-003,5.6,0.716,-20.5,0.372
L10530,Egypt,CRS-003,0.2,0.284,-9.9,0.516
L14764,South Africa,CRS-008,3.4,0.204,4.3,0.735
L14084,South Africa,CRS-007,2.1,0.811,0.4,0.945
L13599,Egypt,CRS-014,19.9,0.858,21.2,0.909
L10125,Egypt,CRS-004,5.8,0.665,-16.3,0.625
L11163,South Africa,CRS-010,0.8,0.928,-5.4,0.672
L10930,Egypt,CRS-002,0.4,0.774,-0.4,0.843
L10075,South Africa,CRS-012,19.1,0.514,-6.2,0.744
L11212,South Africa,CRS-008,9.5,0.955,14.8,0.426
L12733,South Africa,CRS-007,0.6,0.516,-39.8,0.735
L13509,Egypt,CRS-004,2.5,0.447,-13.6,0.752
L10634,Egypt,CRS-010,1.8,0.750,25.1,0.694
L13300,Egypt,CRS-006,31.5,0.818,6.3,0.949
L14638,Egypt,CRS-006,21.6,0.808,0.9,0.742
L11512,Egypt,CRS-001,9.7,0.735,13.6,0.670
L15342,Egypt,CRS-002,0.9,0.482,-1.7,0.755
L11666,Egypt,CRS-014,20.7,0.815,-10.0,0.821
L10537,Egypt,CRS-007,2.1,0.753,-4.1,0.759
L14631,South Africa,CRS-011,30.7,0.691,-7.6,0.480
L12349,Egypt,CRS-004,0.0,0.917,19.8,0.685
L12614,Egypt,CRS-013,10.3,0.763,13.3,0.806
L12761,Egypt,CRS-014,2.0,0.614,8.8,0.611
L13885,Egypt,CRS-014,1.0,0.665,1.6,0.311
L10777,South Africa,CRS-012,1.3,0.594,10.6,0.952
L14580,Egypt,CRS-002,26.3,0.921,-4.3,0.745
L11456,South Africa,CRS-001,12.0,0.712,-1.2,0.581
L12811,Egypt,CRS-007,19.8,0.280,4.4,0.899
L14973,South Africa,CRS-009,3.7,0.679,8.6,0.913
L15133,Egypt,CRS-013,11.5,0.933,2.6,0.824
L14950,Egypt,CRS-011,0.8,0.834,4.2,0.823
L12833,Egypt,CRS-009,0.0,0.111,1.8,0.625
L13947,Egypt,CRS-013,4.1,0.835,-12.3,0.334
L10739,South Africa,CRS-013,12.9,0.946,7.2,0.780
L14742,South Africa,CRS-013,20.4,0.749,8.2,0.890
L14714,Egypt,CRS-001,0.6,0.510,-9.1,0.603
L10236,South Africa,CRS-008,5.5,0.596,8.7,0.617
L10246,Egypt,CRS-011,9.3,0.671,-17.2,0.311
L13010,Egypt,CRS-002,3.5,0.637,-12.9,0.411
L11050,Egypt,CRS-012,5.5,0.715,-8.1,0.843
L11417,South Africa,CRS-006,21.4,0.567,5.8,0.573
L14120,South Africa,CRS-008,2.6,0.636,10.5,0.624
L12050,South Africa,CRS-001,32.0,0.834,10.2,0.774
L12031,South Africa,CRS-012,18.6,0.766,0.2,0.868
L14909,Egypt,CRS-010,12.0,0.901,-10.8,0.804
L13877,Egypt,CRS-002,2.9,0.767,3.1,0.584
L10393,South Africa,CRS-007,23.6,0.548,6.3,0.876
L13614,South Africa,CRS-005,18.0,0.563,-1.6,0.851
L11914,Egypt,CRS-006,13.8,0.772,0.8,0.796
L12306,Egypt,CRS-005,13.1,0.767,18.2,0.737
L11893,South Africa,CRS-015,38.2,0.739,19.8,0.727
L13361,Egypt,CRS-015,31.0,0.644,4.2,0.694
L12668,Egypt,CRS-014,0.2,0.967,1.0,0.841
L14570,South Africa,CRS-008,0.2,0.605,20.1,0.783
L14298,South Africa,CRS-009,6.5,0.873,3.3,0.865
L11264,Egypt,CRS-003,19.1,0.840,20.2,0.971
L11878,South Africa,CRS-010,9.4,0.858,-2.3,0.814
L14523,Egypt,CRS-010,13.4,0.696,-29.4,0.401
L10884,South Africa,CRS-014,0.2,0.703,10.2,0.928
L10440,South Africa,CRS-002,2.5,0.752,-24.3,0.714
L12771,South Africa,CRS-012,0.1,0.683,8.4,0.851
L15375,South Africa,CRS-013,2.9,0.415,6.6,0.777
L13944,South Africa,CRS-009,11.8,0.833,9.7,0.694
L10397,South Africa,CRS-009,7.5,0.529,-10.8,0.862
L13626,Egypt,CRS-004,21.6,0.619,5.8,0.625
L13191,South Africa,CRS-002,8.3,0.707,22.3,0.742
L12216,South Africa,CRS-002,5.8,0.765,17.5,0.781
L11019,South Africa,CRS-010,6.0,0.522,-8.4,0.863
L11763,Egypt,CRS-011,1.0,0.652,-22.6,0.740
L14699,South Africa,CRS-002,6.6,0.690,-3.5,0.236
L10317,South Africa,CRS-009,7.3,0.902,-35.5,0.910
L14181,South Africa,CRS-004,7.9,0.865,18.8,0.491
L11911,Egypt,CRS-013,12.2,0.915,19.5,0.859
L11929,Egypt,CRS-009,3.5,0.783,9.7,0.738
L13121,Egypt,CRS-005,20.3,0.518,-2.3,0.566
L10715,South Africa,CRS-015,14.2,0.805,14.8,0.889
L10059,South Africa,CRS-004,23.8,0.883,1.4,0.775
L12533,South Africa,CRS-006,6.0,0.757,-1.5,0.749
L14346,South Africa,CRS-003,16.1,0.162,-5.5,0.981
L11713,South Africa,CRS-004,4.3,0.309,0.3,0.768
L12060,South Africa,CRS-006,5.2,0.737,-5.9,0.838
L11474,South Africa,CRS-004,1.9,0.678,-15.4,0.544
L14877,Egypt,CRS-001,2.5,0.871,-39.9,0.953
L11069,Egypt,CRS-004,1.0,0.511,-5.5,0.306
L10478,South Africa,CRS-007,12.1,0.831,-9.1,0.716
L10063,South Africa,CRS-015,25.7,0.644,4.9,0.615
L10107,South Africa,CRS-010,7.3,0.757,-5.3,0.686
L13504,South Africa,CRS-001,1.2,0.566,-19.3,0.625
L14054,South Africa,CRS-003,6.0,0.391,23.4,0.779
L12732,Egypt,CRS-014,1.5,0.792,-8.8,0.849
L11710,Egypt,CRS-013,46.0,0.906,2.6,0.528
L14715,South Africa,CRS-006,0.8,0.777,-8.8,0.453
L10401,South Africa,CRS-009,0.8,0.687,1.3,0.741
L14123,Egypt,CRS-007,5.1,0.687,16.8,0.732
L15294,South Africa,CRS-011,5.4,0.715,6.5,0.689
L12930,South Africa,CRS-003,17.7,0.778,17.0,0.252
L14091,South Africa,CRS-009,47.5,0.925,-2.4,0.385
L12967,Egypt,CRS-007,1.8,0.800,9.6,0.724
L13777,South Africa,CRS-006,4.5,0.279,-7.2,0.859
L13238,Egypt,CRS-002,6.7,0.844,0.3,0.880
L13561,South Africa,CRS-002,2.6,0.857,19.5,0.831
L15291,Egypt,CRS-014,0.6,0.508,-3.0,0.883
L11631,Egypt,CRS-013,33.3,0.738,-7.8,0.536
L14677,Egypt,CRS-010,2.0,0.770,-11.4,0.736
L12315,South Africa,CRS-006,0.2,0.955,-24.4,0.250
L10749,South Africa,CRS-002,15.1,0.787,-33.6,0.819
L10382,Egypt,CRS-010,16.0,0.730,-2.3,0.816
L11405,Egypt,CRS-001,2.9,0.677,-21.8,0.549
L14141,Egypt,CRS-006,11.7,0.739,8.9,0.968
L12721,South Africa,CRS-012,1.4,0.612,11.9,0.675
L14431,Egypt,CRS-004,2.8,0.674,12.7,0.908
L15090,South Africa,CRS-013,23.0,0.714,-5.6,0.405
L10636,South Africa,CRS-013,11.0,0.772,-2.6,0.713
L15166,South Africa,CRS-001,8.3,0.811,3.0,0.801
L12788,Egypt,CRS-015,2.5,0.343,-0.9,0.489
L14292,Egypt,CRS-001,10.5,0.838,1.5,0.886
L10562,Egypt,CRS-008,2.3,0.667,9.3,0.846
L14306,Egypt,CRS-003,10.0,0.949,22.5,0.825
L10976,South Africa,CRS-009,7.4,0.905,16.8,0.829
L10199,Egypt,CRS-001,5.0,0.791,-14.0,0.782
L12901,Egypt,CRS-004,29.0,0.574,-6.2,0.626
L10235,Egypt,CRS-012,1.1,0.746,1.4,0.723
L14332,Egypt,CRS-002,6.0,0.744,-10.5,0.827
L11094,Egypt,CRS-010,39.5,0.575,16.2,0.196
L12893,Egypt,CRS-007,3.5,0.615,9.1,0.712
L13118,Egypt,CRS-009,4.0,0.831,-8.7,0.607
L14079,Egypt,CRS-012,30.6,0.849,9.7,0.804
L14205,South Africa,CRS-005,4.5,0.772,4.3,0.550
L13783,South Africa,CRS-011,3.9,0.869,0.0,0.450
L15277,Egypt,CRS-014,6.2,0.937,-46.1,0.722
L10648,Egypt,CRS-001,6.8,0.156,-10.2,0.713
L13088,South Africa,CRS-009,3.2,0.108,-11.8,0.635
L12564,South Africa,CRS-009,14.3,0.745,-0.9,0.682
L13524,South Africa,CRS-010,5.7,0.788,-25.8,0.882
L11935,South Africa,CRS-002,0.8,0.631,23.3,0.806
L12192,South Africa,CRS-003,5.5,0.636,-28.6,0.840
L10252,South Africa,CRS-006,2.4,0.649,8.2,0.498
L10311,Egypt,CRS-005,1.6,0.145,2.2,0.556
L12570,South Africa,CRS-008,2.9,0.648,17.4,0.568
L11241,South Africa,CRS-011,5.4,0.507,-21.3,0.715
L14986,South Africa,CRS-005,5.5,0.817,27.7,0.855
L11636,South Africa,CRS-013,3.3,0.824,-1.7,0.779
L12848,Egypt,CRS-015,5.8,0.785,4.5,0.613
L11414,Egypt,CRS-007,12.6,0.299,-4.4,0.721
L10781,Egypt,CRS-009,5.3,0.910,21.4,0.467
L15289,Egypt,CRS-011,1.2,0.804,0.5,0.713
L15312,South Africa,CRS-003,16.0,0.736,10.2,0.838
L14952,South Africa,CRS-002,2.1,0.491,6.1,0.589
L15218,South Africa,CRS-007,9.1,0.639,3.3,0.467
L11102,Egypt,CRS-010,0.4,0.709,20.0,0.474
L11434,South Africa,CRS-011,13.3,0.794,-34.4,0.531
L10593,Egypt,CRS-013,8.1,0.825,-22.2,0.721
L11222,Egypt,CRS-011,7.5,0.322,15.8,0.637
L13900,South Africa,CRS-013,6.2,0.650,-22.5,0.761
L11239,Egypt,CRS-011,15.0,0.922,-6.6,0.602
L14145,Egypt,CRS-013,22.8,0.642,14.1,0.864
L12871,Egypt,CRS-001,2.1,0.791,-2.5,0.867
L13623,Egypt,CRS-008,8.6,0.801,0.9,0.697
L11777,Egypt,CRS-011,2.4,0.237,6.8,0.803
L10674,South Africa,CRS-001,37.5,0.854,-15.4,0.319
L10456,Egypt,CRS-001,3.0,0.981,7.1,0.465
L14237,Egypt,CRS-014,2.0,0.900,2.4,0.790
L14755,Egypt,CRS-014,1.0,0.775,-3.3,0.865
L11314,South Africa,CRS-007,8.9,0.903,5.0,0.680
L12402,Egypt,CRS-014,19.0,0.974,9.5,0.735
L11691,Egypt,CRS-005,8.0,0.796,-21.7,0.936
L15309,South Africa,CRS-011,3.9,0.399,0.5,0.392
L10093,South Africa,CRS-010,2.1,0.941,-10.7,0.883
L12311,South Africa,CRS-013,6.8,0.960,8.0,0.678
L14304,Egypt,CRS-006,5.1,0.644,-1.0,0.734
L13867,South Africa,CRS-001,20.3,0.824,0.3,0.801
L13366,Egypt,CRS-014,50.4,0.359,4.2,0.644
L14118,South Africa,CRS-007,7.1,0.732,-2.5,0.598
L13496,Egypt,CRS-004,3.7,0.506,-0.7,0.330
L10148,Egypt,CRS-005,22.5,0.197,2.6,0.834
L13348,Egypt,CRS-011,2.2,0.840,-6.0,0.564
L10794,South Africa,CRS-003,9.2,0.763,3.2,0.621
L10872,South Africa,CRS-012,13.7,0.708,12.1,0.662
L14446,Egypt,CRS-003,3.0,0.849,-31.9,0.318
L10880,South Africa,CRS-006,0.6,0.786,-0.1,0.680
L11814,South Africa,CRS-005,0.8,0.881,-2.8,0.365
L13289,South Africa,CRS-014,3.3,0.872,10.6,0.733
L14499,South Africa,CRS-012,1.8,0.686,24.2,0.565
L14319,Egypt,CRS-002,4.6,0.654,8.7,0.298
L11555,Egypt,CRS-008,12.6,0.589,-0.6,0.815
L10023,Egypt,CRS-014,5.7,0.548,-9.0,0.874
L11626,South Africa,CRS-013,10.7,0.632,-6.5,0.809
L15313,Egypt,CRS-012,3.2,0.318,28.2,0.910
L13268,Egypt,CRS-006,0.1,0.216,-20.7,0.801
L12940,Egypt,CRS-009,7.0,0.772,-14.8,0.461
L12789,South Africa,CRS-001,0.9,0.833,-9.5,0.855
L12254,South Africa,CRS-015,1.4,0.679,-4.6,0.829
L11042,Egypt,CRS-014,14.9,0.861,-8.8,0.117
L13901,Egypt,CRS-010,5.3,0.778,7.2,0.371
L11275,South Africa,CRS-003,4.1,0.745,-46.4,0.512
L12758,South Africa,CRS-006,0.3,0.582,-10.9,0.689
L12729,Egypt,CRS-004,6.0,0.414,-26.6,0.743
L14394,South Africa,CRS-009,3.6,0.860,-18.2,0.458
L10989,Egypt,CRS-003,6.6,0.668,-1.5,0.924
L11737,South Africa,CRS-012,4.8,0.741,-6.3,0.509
L13536,South Africa,CRS-003,5.5,0.356,10.7,0.494
L14401,South Africa,CRS-001,1.5,0.828,10.3,0.392
L10778,Egypt,CRS-008,8.3,0.637,-1.2,0.822
L13817,South Africa,CRS-004,11.2,0.443,-0.8,0.821
L12857,Egypt,CRS-007,5.2,0.791,19.2,0.883
L13076,Egypt,CRS-007,8.3,0.701,1.7,0.836
L12089,South Africa,CRS-008,2.0,0.914,14.1,0.866
L10833,Egypt,CRS-002,13.6,0.613,-11.8,0.886
L11183,Egypt,CRS-004,1.2,0.735,13.5,0.762
L14745,South Africa,CRS-009,1.0,0.761,13.1,0.560
L10625,South Africa,CRS-014,3.5,0.404,8.2,0.673
L14508,Egypt,CRS-015,2.1,0.372,-8.4,0.761
L10804,Egypt,CRS-015,5.3,0.880,-13.8,0.785
L14115,Egypt,CRS-008,3.9,0.927,-5.1,0.644
L10927,Egypt,CRS-011,1.2,0.435,-2.0,0.702
L13304,South Africa,CRS-009,4.3,0.396,4.1,0.908
L12898,South Africa,CRS-015,3.8,0.570,-1.9,0.718
L10407,South Africa,CRS-004,0.3,0.799,5.4,0.358
L11457,Egypt,CRS-006,14.0,0.504,10.9,0.119
L14417,South Africa,CRS-009,1.6,0.437,9.7,0.274
L14759,Egypt,CRS-010,5.3,0.936,-4.2,0.927
L12157,South Africa,CRS-004,12.3,0.535,-5.1,0.464
L11548,South Africa,CRS-007,10.7,0.755,-11.7,0.855
L12730,South Africa,CRS-011,0.7,0.638,3.8,0.726
L15181,South Africa,CRS-014,23.9,0.695,-24.7,0.619
L11818,South Africa,CRS-015,10.2,0.737,8.5,0.899
L14180,Egypt,CRS-008,2.0,0.335,-25.9,0.433
L11040,Egypt,CRS-015,2.0,0.405,-0.3,0.595
L14381,Egypt,CRS-003,44.6,0.880,3.5,0.715
L15114,South Africa,CRS-004,1.5,0.771,-23.1,0.783
L12712,Egypt,CRS-015,6.2,0.822,27.9,0.891
L10312,Egypt,CRS-010,1.5,0.685,-38.5,0.775
L12504,South Africa,CRS-006,0.6,0.674,7.1,0.323
L15034,South Africa,CRS-003,3.2,0.636,1.5,0.715
L11629,South Africa,CRS-006,22.4,0.249,3.4,0.576
L15060,Egypt,CRS-009,8.2,0.956,4.8,0.894
L14905,Egypt,CRS-007,11.0,0.830,-23.2,0.662
L10470,South Africa,CRS-010,1.0,0.336,4.0,0.521
L15128,Egypt,CRS-005,8.5,0.776,-2.2,0.366
L12834,South Africa,CRS-004,24.2,0.657,20.4,0.676
L14658,South Africa,CRS-003,5.1,0.644,-21.8,0.853
L14164,South Africa,CRS-008,1.5,0.857,2.0,0.674
L14274,Egypt,CRS-014,3.7,0.868,-2.6,0.727
L14170,South Africa,CRS-008,11.7,0.693,1.1,0.664
L14843,Egypt,CRS-014,1.7,0.815,15.1,0.548
L11528,South Africa,CRS-010,33.5,0.805,-0.5,0.845
L12226,South Africa,CRS-007,10.8,0.167,4.5,0.532
L14970,Egypt,CRS-004,4.0,0.950,-10.7,0.648
L12213,South Africa,CRS-007,6.8,0.912,5.8,0.549
L14536,Egypt,CRS-011,58.7,0.759,-47.2,0.757
L10544,South Africa,CRS-013,10.6,0.417,12.1,0.611
L14722,South Africa,CRS-011,2.6,0.778,6.8,0.812
L10498,Egypt,CRS-010,15.2,0.939,-3.9,0.675
L11173,South Africa,CRS-007,47.6,0.674,0.3,0.954
L14870,Egypt,CRS-004,16.4,0.587,23.2,0.791
L13321,South Africa,CRS-007,3.3,0.780,8.3,0.411
L10149,South Africa,CRS-001,6.1,0.926,-9.0,0.655
L10913,Egypt,CRS-006,25.1,0.863,-45.9,0.702
L12245,South Africa,CRS-002,3.0,0.842,-3.5,0.678
L10899,Egypt,CRS-008,15.0,0.863,10.9,0.631
L11724,South Africa,CRS-007,2.5,0.463,-6.2,0.608
L14106,South Africa,CRS-008,10.4,0.545,5.5,0.734
L15280,Egypt,CRS-006,11.6,0.590,-3.2,0.740
L13905,Egypt,CRS-012,2.5,0.968,4.7,0.871
L12622,South Africa,CRS-002,7.6,0.753,3.4,0.723
L10122,Egypt,CRS-004,18.5,0.822,-8.5,0.884
L13167,Egypt,CRS-010,13.6,0.843,3.6,0.742
L13048,Egypt,CRS-005,3.7,0.914,-0.3,0.801
L10753,South Africa,CRS-008,21.9,0.839,2.6,0.384
L14244,Egypt,CRS-002,5.8,0.732,-13.2,0.783
L15351,South Africa,CRS-014,1.0,0.503,-3.5,0.580
L14897,Egypt,CRS-004,3.9,0.560,14.9,0.732
L13620,South Africa,CRS-002,1.1,0.880,27.4,0.571
L14229,South Africa,CRS-012,8.0,0.866,-17.7,0.924
L14315,South Africa,CRS-010,17.9,0.965,-0.2,0.888
L11345,Egypt,CRS-013,6.4,0.821,-10.5,0.811
L10267,Egypt,CRS-013,11.6,0.919,-7.9,0.641
L11413,Egypt,CRS-002,6.7,0.772,0.8,0.162
L12441,South Africa,CRS-001,33.2,0.660,12.1,0.445
L15286,Egypt,CRS-005,17.1,0.527,10.7,0.540
L12751,South Africa,CRS-015,7.4,0.851,-13.1,0.584
L12362,Egypt,CRS-014,2.7,0.658,-0.4,0.710
L10432,Egypt,CRS-011,3.2,0.710,-9.2,0.690
L10559,Egypt,CRS-003,11.1,0.679,15.4,0.172
L11425,South Africa,CRS-011,3.7,0.960,-18.4,0.767
L15206,Egypt,CRS-007,1.6,0.913,1.3,0.834
L10345,Egypt,CRS-009,11.6,0.311,13.8,0.704
L13096,Egypt,CRS-008,7.5,0.824,1.8,0.627
L10949,Egypt,CRS-014,3.2,0.983,-15.1,0.813
L10729,South Africa,CRS-008,5.6,0.469,3.6,0.677
L13143,South Africa,CRS-009,5.2,0.943,-4.4,0.755
L14501,Egypt,CRS-006,0.6,0.827,-26.5,0.826
L11808,Egypt,CRS-012,3.6,0.447,10.3,0.806
L11283,Egypt,CRS-012,10.1,0.743,14.1,0.692
L14522,South Africa,CRS-012,1.4,0.892,-0.4,0.609
L14932,Egypt,CRS-012,17.0,0.601,16.8,0.666
L11146,South Africa,CRS-002,15.2,0.771,3.5,0.910
L10691,South Africa,CRS-003,4.2,0.710,-19.8,0.365
L12849,Egypt,CRS-005,6.7,0.711,-1.6,0.788
L11994,South Africa,CRS-011,4.8,0.854,4.8,0.702
L13120,Egypt,CRS-009,4.0,0.968,-10.9,0.726
L11401,South Africa,CRS-002,19.3,0.862,-22.0,0.490
L13434,South Africa,CRS-004,11.2,0.519,-12.7,0.632
L12980,South Africa,CRS-015,20.8,0.696,9.3,0.627
L13792,Egypt,CRS-015,2.0,0.504,3.4,0.610
L14590,South Africa,CRS-002,56.7,0.866,-14.8,0.502
L12992,Egypt,CRS-009,10.4,0.526,-7.2,0.834
L11554,South Africa,CRS-009,2.5,0.780,-9.6,0.608
L13297,Egypt,CRS-014,29.8,0.761,-4.0,0.782
L14886,Egypt,CRS-008,2.0,0.726,-29.7,0.808
L12503,South Africa,CRS-010,19.8,0.449,-7.1,0.956
L11029,South Africa,CRS-009,2.9,0.832,5.6,0.980
L10129,South Africa,CRS-001,2.7,0.716,-10.2,0.728
L12054,South Africa,CRS-007,1.4,0.729,27.5,0.581
L12346,Egypt,CRS-007,0.4,0.841,3.8,0.913
L14654,Egypt,CRS-003,3.4,0.756,1.9,0.730
L11325,South Africa,CRS-014,6.5,0.801,1.1,0.842
L13475,South Africa,CRS-005,6.3,0.552,-8.3,0.658
L10240,South Africa,CRS-014,1.2,0.459,-5.9,0.558
L14696,Egypt,CRS-009,13.4,0.632,-37.2,0.598
L13073,South Africa,CRS-001,15.0,0.971,-7.9,0.602
L12872,Egypt,CRS-011,3.2,0.447,-10.0,0.559
L12690,South Africa,CRS-001,2.5,0.659,19.2,0.716
L10747,South Africa,CRS-001,40.6,0.584,-8.8,0.800
L14447,Egypt,CRS-010,8.8,0.256,-22.9,0.610
L13409,Egypt,CRS-010,3.1,0.425,-10.3,0.568
L11807,South Africa,CRS-010,13.1,0.676,-30.9,0.579
L15079,Egypt,CRS-010,2.5,0.464,-5.9,0.208
L14441,Egypt,CRS-012,11.6,0.846,-1.3,0.586
L12703,South Africa,CRS-002,0.7,0.699,-15.7,0.701
L14567,South Africa,CRS-012,2.7,0.694,-5.9,0.560
L10483,Egypt,CRS-010,0.8,0.767,-21.3,0.842
L12941,Egypt,CRS-006,1.0,0.715,4.4,0.911
L14924,South Africa,CRS-007,1.9,0.700,7.0,0.761
L12242,South Africa,CRS-008,9.9,0.763,5.6,0.764
L11132,South Africa,CRS-014,60.0,0.892,9.2,0.798
L13237,Egypt,CRS-005,0.5,0.197,-0.4,0.952
L13091,South Africa,CRS-010,28.0,0.567,-5.5,0.730
L13501,South Africa,CRS-011,9.6,0.706,26.5,0.812
L13973,South Africa,CRS-014,18.6,0.802,-4.1,0.814
L13897,South Africa,CRS-013,14.0,0.492,-2.8,0.916
L14791,Egypt,CRS-005,16.4,0.691,-6.5,0.716
L13243,South Africa,CRS-012,6.2,0.467,1.5,0.635
L15032,Egypt,CRS-011,4.5,0.324,-0.4,0.519
L15125,Egypt,CRS-013,2.0,0.749,17.2,0.801
L14972,South Africa,CRS-001,19.8,0.493,-11.1,0.853
L10074,South Africa,CRS-005,8.3,0.605,-11.3,0.588
L14706,South Africa,CRS-015,21.6,0.685,-0.8,0.784
L13911,Egypt,CRS-003,21.9,0.659,15.6,0.696
L12820,Egypt,CRS-002,7.4,0.674,-15.9,0.808
L10817,South Africa,CRS-012,15.1,0.887,-28.9,0.842
L13872,South Africa,CRS-006,0.5,0.601,1.3,0.657
L13037,South Africa,CRS-011,2.0,0.759,10.0,0.777
L11189,South Africa,CRS-013,6.1,0.688,12.1,0.578
L12385,South Africa,CRS-012,0.3,0.188,-1.5,0.766
L11575,Egypt,CRS-004,4.9,0.826,6.1,0.544
L11943,Egypt,CRS-004,8.0,0.674,15.3,0.728
L11680,South Africa,CRS-003,3.1,0.742,3.9,0.511
L10019,Egypt,CRS-013,33.8,0.794,-21.4,0.902
L13983,Egypt,CRS-015,3.2,0.774,16.9,0.793
L11447,Egypt,CRS-006,6.0,0.838,-21.6,0.559
L13205,Egypt,CRS-014,10.9,0.683,0.8,0.902
L14647,South Africa,CRS-009,0.5,0.736,21.4,0.645
L14853,South Africa,CRS-010,8.0,0.924,-7.2,0.395
L14162,South Africa,CRS-004,18.2,0.685,-1.8,0.885
L15170,Egypt,CRS-007,17.6,0.649,9.2,0.872
L12010,South Africa,CRS-005,6.5,0.599,7.8,0.612
L13356,Egypt,CRS-005,0.9,0.774,14.8,0.886
L10783,Egypt,CRS-008,5.2,0.649,-6.1,0.270
L14642,South Africa,CRS-015,17.2,0.613,-18.7,0.178
L13259,Egypt,CRS-014,9.1,0.700,-13.3,0.659
L11920,Egypt,CRS-001,4.0,0.542,1.5,0.826
L10229,South Africa,CRS-007,28.0,0.801,-4.4,0.443
L14483,South Africa,CRS-013,8.1,0.622,-6.7,0.792
L10861,South Africa,CRS-002,3.8,0.179,-9.4,0.863
L11647,South Africa,CRS-003,0.0,0.756,0.8,0.455
L11937,South Africa,CRS-006,2.0,0.791,28.5,0.538
L12061,South Africa,CRS-012,6.5,0.813,12.6,0.774
L14177,South Africa,CRS-013,2.4,0.597,16.3,0.608
L13665,South Africa,CRS-015,3.7,0.479,-18.8,0.747
L13339,South Africa,CRS-006,9.6,0.633,-49.0,0.653
L13873,South Africa,CRS-004,55.1,0.161,-3.1,0.948
L12546,Egypt,CRS-009,34.1,0.808,-13.2,0.473
L11761,Egypt,CRS-005,4.7,0.841,7.1,0.842
L14465,South Africa,CRS-001,57.9,0.817,4.8,0.755
L11947,South Africa,CRS-005,11.1,0.628,5.2,0.732
L10822,Egypt,CRS-010,3.6,0.683,14.1,0.415
L12994,South Africa,CRS-007,29.9,0.761,6.7,0.786
L14189,South Africa,CRS-007,4.2,0.566,-40.3,0.745
L12590,South Africa,CRS-001,4.7,0.685,-5.5,0.846
L11698,Egypt,CRS-010,9.0,0.895,11.4,0.731
L13565,Egypt,CRS-006,1.7,0.792,0.3,0.822
L11302,Egypt,CRS-009,9.5,0.894,6.1,0.709
L14333,South Africa,CRS-014,14.6,0.793,-19.5,0.573
L11443,South Africa,CRS-015,1.1,0.845,11.7,0.773
L12396,South Africa,CRS-015,14.2,0.624,15.5,0.765
L13823,Egypt,CRS-011,1.9,0.897,24.7,0.837
L12555,Egypt,CRS-008,13.0,0.789,21.8,0.818
L12036,Egypt,CRS-006,2.4,0.343,-5.5,0.740
L11585,Egypt,CRS-013,6.5,0.659,-2.5,0.479
L12860,South Africa,CRS-005,1.6,0.972,-20.5,0.627
L13611,Egypt,CRS-004,2.2,0.764,-10.0,0.841
L13098,South Africa,CRS-010,5.1,0.619,-15.1,0.647
L10900,South Africa,CRS-002,14.3,0.824,6.0,0.713
L11877,Egypt,CRS-009,10.1,0.709,7.0,0.569
L14263,South Africa,CRS-009,8.0,0.907,-9.8,0.762
L10707,Egypt,CRS-007,8.3,0.798,-23.8,0.783
L12573,Egypt,CRS-010,4.8,0.920,15.4,0.460
L14506,Egypt,CRS-009,5.7,0.841,-5.9,0.905
L10517,South Africa,CRS-006,2.0,0.422,-0.8,0.899
L10173,South Africa,CRS-014,11.4,0.466,8.7,0.626
L10365,Egypt,CRS-012,6.9,0.315,10.9,0.653
L13866,South Africa,CRS-002,6.8,0.644,-15.3,0.507
L13313,Egypt,CRS-009,34.2,0.429,-13.2,0.681
L13317,South Africa,CRS-011,12.2,0.257,0.6,0.460
L13511,South Africa,CRS-005,19.6,0.387,0.9,0.778
L12403,South Africa,CRS-015,4.1,0.491,6.7,0.782
L15008,Egypt,CRS-009,16.7,0.707,-19.6,0.540
L11390,Egypt,CRS-005,4.1,0.766,13.4,0.714
L10670,South Africa,CRS-003,3.2,0.455,-4.6,0.740
L10248,South Africa,CRS-009,9.1,0.569,4.7,0.820
L13593,South Africa,CRS-011,11.5,0.633,-10.3,0.971
L11810,Egypt,CRS-013,0.6,0.696,10.7,0.736
L12064,South Africa,CRS-002,6.7,0.663,-3.6,0.865
L10853,South Africa,CRS-013,10.8,0.743,14.8,0.784
L11998,Egypt,CRS-013,1.9,0.566,-5.6,0.554
L13081,Egypt,CRS-001,12.1,0.890,-2.8,0.797
L14183,Egypt,CRS-012,3.8,0.693,-45.9,0.631
L10359,South Africa,CRS-005,0.2,0.674,-48.4,0.495
L12170,South Africa,CRS-006,8.7,0.940,1.1,0.201
L11329,South Africa,CRS-007,14.4,0.796,3.4,0.743
L12785,South Africa,CRS-001,2.8,0.574,10.8,0.842
L13956,South Africa,CRS-003,4.2,0.521,0.6,0.568
L13520,South Africa,CRS-015,13.8,0.734,11.4,0.681
L14901,Egypt,CRS-011,13.3,0.497,-3.9,0.708
L12593,Egypt,CRS-002,0.8,0.930,-1.8,0.847
L10306,Egypt,CRS-006,6.3,0.601,-7.9,0.508
L13234,Egypt,CRS-001,10.5,0.632,-13.0,0.652
L11979,Egypt,CRS-012,20.8,0.890,6.4,0.441
L13662,Egypt,CRS-008,15.2,0.809,27.0,0.269
L10361,Egypt,CRS-005,11.0,0.722,2.8,0.482
L11639,South Africa,CRS-009,4.6,0.684,16.4,0.575
L12800,Egypt,CRS-014,0.5,0.800,12.6,0.739
L10595,South Africa,CRS-011,2.6,0.520,-19.2,0.650
L14837,South Africa,CRS-012,2.1,0.883,7.4,0.499
L10446,South Africa,CRS-009,3.5,0.754,-9.5,0.614
L14182,South Africa,CRS-006,4.5,0.841,-17.1,0.688
L10395,South Africa,CRS-013,0.6,0.843,8.0,0.827
L11086,Egypt,CRS-014,4.7,0.516,9.8,0.703
L13092,Egypt,CRS-013,9.4,0.863,-3.9,0.340
L14352,Egypt,CRS-003,3.0,0.916,-15.3,0.786
L11216,Egypt,CRS-014,31.3,0.796,8.7,0.430
L10160,Egypt,CRS-002,48.5,0.668,-23.7,0.454
L15382,Egypt,CRS-006,4.7,0.841,17.3,0.168
L10205,South Africa,CRS-012,4.2,0.648,-13.2,0.743
L13180,South Africa,CRS-015,7.6,0.547,-0.6,0.517
L10640,Egypt,CRS-004,11.4,0.876,5.4,0.894
L10618,Egypt,CRS-006,9.9,0.844,-1.5,0.528
L13220,Egypt,CRS-014,28.1,0.708,-6.5,0.890
L13469,Egypt,CRS-011,11.1,0.829,2.7,0.422
L13895,Egypt,CRS-008,15.8,0.594,7.7,0.654
L12855,South Africa,CRS-006,3.9,0.748,-13.5,0.715
L14116,Egypt,CRS-015,8.5,0.535,-1.1,0.495
L14314,South Africa,CRS-001,8.3,0.548,-42.1,0.911
L15221,Egypt,CRS-006,1.0,0.543,-4.0,0.725
L10139,South Africa,CRS-008,23.1,0.881,-7.6,0.853
L10760,Egypt,CRS-015,0.7,0.658,-14.7,0.748
L14103,Egypt,CRS-006,5.3,0.953,-12.5,0.927
L14101,South Africa,CRS-008,0.7,0.537,14.8,0.553
L12511,Egypt,CRS-013,1.2,0.789,7.5,0.847
L15220,South Africa,CRS-011,15.0,0.373,6.4,0.558
L13937,Egypt,CRS-003,35.3,0.600,23.7,0.768
L14719,Egypt,CRS-015,26.2,0.944,-1.4,0.740
L13931,Egypt,CRS-003,32.9,0.693,-34.3,0.136
L13169,Egypt,CRS-014,9.0,0.486,7.1,0.563
L11209,South Africa,CRS-003,1.8,0.771,-2.4,0.453
L14710,Egypt,CRS-010,11.3,0.677,6.8,0.757
L10744,Egypt,CRS-013,25.0,0.736,0.8,0.605
L14611,Egypt,CRS-008,40.3,0.538,-4.9,0.878
L12685,Egypt,CRS-009,0.6,0.908,-1.0,0.770
L12357,South Africa,CRS-004,7.2,0.749,-6.1,0.825
L11422,Egypt,CRS-015,0.1,0.682,3.2,0.734
L12446,South Africa,CRS-005,59.5,0.269,-16.9,0.688
L10526,South Africa,CRS-006,2.9,0.932,14.8,0.327
L10727,Egypt,CRS-008,3.5,0.701,33.4,0.831
L10162,Egypt,CRS-007,12.0,0.310,-4.1,0.652
L11033,Egypt,CRS-004,10.4,0.935,10.1,0.771
L14270,South Africa,CRS-014,18.1,0.798,17.1,0.773
L13934,Egypt,CRS-015,0.1,0.703,6.1,0.690
L12566,South Africa,CRS-010,3.4,0.637,0.9,0.614
L12470,South Africa,CRS-004,10.0,0.475,2.6,0.780
L13149,Egypt,CRS-008,8.2,0.710,0.7,0.691
L11526,South Africa,CRS-007,3.6,0.861,-2.2,0.714
L12556,Egypt,CRS-006,13.6,0.673,-19.3,0.879
L12197,South Africa,CRS-010,24.9,0.511,-9.0,0.855
L10750,Egypt,CRS-005,3.3,0.818,6.6,0.836
L15066,Egypt,CRS-005,3.5,0.785,10.7,0.599
L10152,Egypt,CRS-008,1.7,0.787,-13.1,0.672
L12831,South Africa,CRS-015,0.3,0.641,14.4,0.891
L10854,South Africa,CRS-004,20.1,0.610,13.8,0.826
L12101,South Africa,CRS-012,1.1,0.787,15.5,0.928
L15356,South Africa,CRS-011,7.7,0.412,3.3,0.372
L11862,Egypt,CRS-002,3.0,0.962,6.7,0.862
L14923,Egypt,CRS-010,0.3,0.925,-0.2,0.531
L15386,South Africa,CRS-013,11.2,0.741,-19.1,0.612
L13829,Egypt,CRS-006,3.3,0.695,13.6,0.203
L14241,Egypt,CRS-001,15.6,0.290,1.5,0.784
L13645,Egypt,CRS-005,8.9,0.890,-10.9,0.848
L15190,Egypt,CRS-014,1.2,0.660,-0.6,0.719
L10113,South Africa,CRS-014,4.8,0.435,5.8,0.525
L15380,Egypt,CRS-013,4.6,0.681,2.8,0.763
L13881,Egypt,CRS-003,6.3,0.574,-2.0,0.746
L15064,South Africa,CRS-001,6.1,0.697,17.6,0.656
L12108,South Africa,CRS-012,11.4,0.480,-12.3,0.663
L11672,Egypt,CRS-014,1.7,0.834,-4.8,0.845
L11287,Egypt,CRS-002,0.3,0.610,-7.7,0.704
L10696,Egypt,CRS-010,7.6,0.873,-39.9,0.519
L10298,South Africa,CRS-013,48.0,0.433,-7.2,0.616
L14228,Egypt,CRS-009,6.2,0.742,-4.4,0.746
L12411,South Africa,CRS-012,0.9,0.789,-18.6,0.754
L14243,Egypt,CRS-001,37.1,0.956,-17.9,0.634
L10955,South Africa,CRS-001,45.0,0.504,-24.9,0.783
L12734,South Africa,CRS-003,18.4,0.571,-3.7,0.508
L12462,South Africa,CRS-015,12.7,0.813,1.7,0.841
L13843,South Africa,CRS-009,2.0,0.792,3.9,0.597
L14354,Egypt,CRS-007,5.9,0.834,6.0,0.804
L11991,South Africa,CRS-004,13.2,0.472,21.4,0.770
L14199,Egypt,CRS-004,12.1,0.872,-5.9,0.738
L13017,South Africa,CRS-015,13.4,0.680,-7.5,0.849
L10675,Egypt,CRS-003,9.8,0.951,-10.9,0.900
L13563,South Africa,CRS-013,12.6,0.539,15.1,0.746
L12787,Egypt,CRS-005,10.4,0.917,-4.1,0.822
L14610,South Africa,CRS-008,2.2,0.442,8.9,0.805
L10206,South Africa,CRS-014,11.0,0.574,9.0,0.376
L12743,South Africa,CRS-009,2.2,0.831,-7.1,0.154
L13519,Egypt,CRS-005,0.9,0.744,1.1,0.916
L12818,Egypt,CRS-003,9.2,0.609,10.9,0.278
L12777,South Africa,CRS-007,5.8,0.840,-3.0,0.641
L15371,South Africa,CRS-002,4.4,0.830,9.1,0.672
L14598,Egypt,CRS-003,6.5,0.926,13.4,0.698
L13288,Egypt,CRS-010,5.2,0.819,4.1,0.312
L14851,South Africa,CRS-008,58.8,0.659,-8.8,0.242
L10408,South Africa,CRS-008,5.2,0.751,-5.9,0.560
L11692,Egypt,CRS-002,8.7,0.642,10.5,0.751
L11288,Egypt,CRS-014,0.4,0.372,6.0,0.889
L12249,Egypt,CRS-014,8.5,0.591,-3.4,0.859
L10771,South Africa,CRS-013,3.7,0.713,7.0,0.928
L12515,South Africa,CRS-005,7.1,0.469,-14.4,0.877
L13370,South Africa,CRS-012,4.1,0.404,-0.9,0.822
L13602,Egypt,CRS-012,5.4,0.795,8.8,0.736
L10060,South Africa,CRS-001,3.0,0.726,3.9,0.822
L12453,South Africa,CRS-015,9.3,0.775,-11.4,0.751
L11632,South Africa,CRS-015,0.8,0.151,6.2,0.890
L13639,Egypt,CRS-009,9.3,0.745,21.9,0.574
L10003,South Africa,CRS-008,10.7,0.612,40.8,0.528
L12628,South Africa,CRS-012,7.0,0.694,-0.6,0.574
L12225,South Africa,CRS-014,13.0,0.369,-25.9,0.518
L11825,Egypt,CRS-001,4.3,0.871,2.9,0.378
L13032,South Africa,CRS-006,3.1,0.866,-22.1,0.583
L11530,South Africa,CRS-012,7.9,0.623,13.4,0.952
L12142,South Africa,CRS-014,3.8,0.711,2.6,0.609
L12029,Egypt,CRS-015,21.4,0.924,-31.4,0.440
L14412,Egypt,CRS-009,2.9,0.555,-9.0,0.748
L14533,South Africa,CRS-010,5.4,0.812,23.4,0.893
L11367,Egypt,CRS-009,3.4,0.757,13.9,0.658
L14518,South Africa,CRS-014,4.7,0.363,20.5,0.734
L10207,Egypt,CRS-012,0.4,0.783,8.5,0.570
L14879,South Africa,CRS-004,3.4,0.588,10.8,0.173
L10529,South Africa,CRS-008,10.7,0.430,-5.7,0.473
L15328,Egypt,CRS-005,9.3,0.809,0.7,0.740
L12074,South Africa,CRS-011,12.3,0.382,7.9,0.899
L12826,Egypt,CRS-009,0.6,0.678,9.3,0.853
L13859,Egypt,CRS-008,56.7,0.596,-12.6,0.475
L10022,Egypt,CRS-004,14.8,0.702,1.8,0.820
L10855,Egypt,CRS-008,0.7,0.934,8.1,0.666
L13576,Egypt,CRS-004,12.6,0.792,17.8,0.464
L12509,South Africa,CRS-012,3.9,0.441,6.3,0.474
L10647,South Africa,CRS-005,5.8,0.776,10.5,0.816
L11848,South Africa,CRS-013,19.0,0.819,-8.4,0.862
L12250,South Africa,CRS-003,46.4,0.779,-16.2,0.989
L11498,South Africa,CRS-004,3.2,0.941,5.7,0.799
L12643,South Africa,CRS-005,7.0,0.705,-5.1,0.833
L13617,South Africa,CRS-015,3.7,0.942,-7.3,0.874
L14648,Egypt,CRS-008,2.8,0.552,-2.9,0.691
L11510,Egypt,CRS-003,8.5,0.826,8.8,0.714
L15311,Egypt,CRS-003,6.6,0.949,-29.5,0.768
L11113,Egypt,CRS-009,3.9,0.802,-1.1,0.305
L12099,Egypt,CRS-001,5.8,0.794,-1.9,0.873
L11085,Egypt,CRS-001,3.4,0.563,7.3,0.484
L14790,South Africa,CRS-003,2.3,0.441,-13.3,0.812
L10342,South Africa,CRS-006,10.0,0.482,5.7,0.871
L11446,South Africa,CRS-014,11.4,0.677,-22.7,0.749
L12517,Egypt,CRS-007,10.5,0.815,-1.7,0.643
L13245,Egypt,CRS-014,4.2,0.757,5.6,0.659
L14363,South Africa,CRS-012,23.8,0.884,11.8,0.575
L11061,Egypt,CRS-011,3.6,0.977,11.5,0.727
L14111,South Africa,CRS-005,3.8,0.311,1.6,0.733
L10909,South Africa,CRS-012,5.9,0.862,8.1,0.699
L15126,Egypt,CRS-010,0.8,0.785,-34.5,0.344
L12413,South Africa,CRS-003,7.4,0.783,-0.9,0.840
L13660,South Africa,CRS-010,23.2,0.328,2.9,0.597
L13497,South Africa,CRS-001,6.0,0.853,-13.9,0.714
L14833,Egypt,CRS-009,5.6,0.675,7.4,0.565
L13979,Egypt,CRS-005,0.4,0.340,12.3,0.693
L11787,South Africa,CRS-010,5.5,0.792,7.0,0.707
L14633,South Africa,CRS-001,4.3,0.768,5.1,0.579
L13637,South Africa,CRS-008,0.7,0.853,9.7,0.743
L13392,South Africa,CRS-007,6.9,0.579,-27.5,0.776
L14433,Egypt,CRS-005,5.4,0.755,11.8,0.617
L14709,Egypt,CRS-014,8.4,0.393,18.2,0.618
L14945,South Africa,CRS-007,12.6,0.637,-16.1,0.415
L11922,Egypt,CRS-013,0.5,0.953,13.8,0.830
L14811,Egypt,CRS-011,2.2,0.940,-10.6,0.665
L11278,Egypt,CRS-009,1.5,0.321,11.0,0.801
L11409,South Africa,CRS-001,5.5,0.844,-5.7,0.679
L14582,Egypt,CRS-002,29.0,0.586,0.6,0.679
L11376,South Africa,CRS-005,6.1,0.736,-4.7,0.973
L14517,Egypt,CRS-012,5.7,0.673,15.9,0.165
L12491,Egypt,CRS-013,5.5,0.660,-9.1,0.341
L15299,South Africa,CRS-005,2.6,0.749,7.3,0.973
L11594,Egypt,CRS-015,0.5,0.757,13.9,0.839
L12141,South Africa,CRS-010,4.1,0.870,-0.9,0.657
L11760,Egypt,CRS-004,10.8,0.911,-5.9,0.560
L12976,South Africa,CRS-015,5.7,0.339,-9.7,0.834
L13516,Egypt,CRS-008,1.9,0.630,2.3,0.831
L11788,South Africa,CRS-003,41.0,0.712,16.4,0.880
L10986,South Africa,CRS-006,5.3,0.817,-2.3,0.497
L11668,Egypt,CRS-002,5.7,0.933,0.5,0.870
L14559,South Africa,CRS-001,5.3,0.635,12.5,0.746
L13309,South Africa,CRS-008,23.1,0.796,4.7,0.717
L14864,South Africa,CRS-008,0.2,0.487,-42.3,0.844
L13008,South Africa,CRS-010,4.4,0.875,2.3,0.644
L14468,Egypt,CRS-013,7.5,0.485,-1.2,0.777
L10280,Egypt,CRS-005,3.5,0.624,-8.6,0.746
L12597,Egypt,CRS-014,2.8,0.504,-7.4,0.554
L15305,Egypt,CRS-015,0.3,0.549,1.7,0.809
L14676,South Africa,CRS-012,6.7,0.374,13.5,0.752
L12116,South Africa,CRS-010,11.7,0.404,30.5,0.638
L14761,Egypt,CRS-013,41.9,0.878,33.2,0.838
L14405,South Africa,CRS-012,7.6,0.647,8.5,0.737
L12361,Egypt,CRS-011,1.9,0.675,-39.0,0.665
L10405,Egypt,CRS-015,1.1,0.572,6.6,0.504
L14489,South Africa,CRS-013,0.0,0.901,-0.5,0.731
L12701,South Africa,CRS-014,9.1,0.976,-2.0,0.664
L14382,South Africa,CRS-014,1.0,0.588,7.5,0.896
L12629,Egypt,CRS-015,2.1,0.971,7.6,0.825
L11164,South Africa,CRS-014,0.2,0.390,-3.2,0.215
L11306,Egypt,CRS-011,15.9,0.660,-14.7,0.897
L12201,Egypt,CRS-005,1.8,0.624,-5.7,0.789
L11712,Egypt,CRS-003,4.6,0.882,-6.6,0.885
L12618,South Africa,CRS-011,5.9,0.681,2.2,0.788
L11536,South Africa,CRS-003,9.7,0.482,-18.2,0.892
L14240,South Africa,CRS-002,5.8,0.613,-11.1,0.514
L10953,South Africa,CRS-013,5.7,0.478,11.7,0.785
L13701,Egypt,CRS-002,21.8,0.673,-48.0,0.624
L12193,South Africa,CRS-012,1.0,0.800,-8.2,0.588
L14482,South Africa,CRS-001,11.6,0.750,2.7,0.699
L11378,Egypt,CRS-010,2.0,0.755,-6.7,0.489
L13200,South Africa,CRS-013,4.2,0.794,-44.7,0.815
L12106,Egypt,CRS-009,4.8,0.710,-0.1,0.867
L10940,Egypt,CRS-007,4.0,0.318,-6.3,0.576
L11174,Egypt,CRS-002,0.7,0.665,-19.9,0.798
L11550,Egypt,CRS-010,21.6,0.394,5.2,0.555
L12210,South Africa,CRS-011,7.1,0.367,-5.5,0.762
L10893,Egypt,CRS-015,2.5,0.807,3.3,0.905
L10629,Egypt,CRS-009,6.3,0.729,9.3,0.716
L13396,South Africa,CRS-015,2.7,0.707,3.4,0.267
L14796,Egypt,CRS-002,3.1,0.815,3.0,0.858
L13848,South Africa,CRS-001,11.1,0.574,-41.1,0.533
L10990,Egypt,CRS-013,0.1,0.831,8.6,0.844
L10643,South Africa,CRS-001,8.5,0.615,-17.9,0.699
L12875,South Africa,CRS-015,0.5,0.633,9.4,0.792
L15019,Egypt,CRS-008,13.6,0.959,-19.0,0.728
L14188,South Africa,CRS-005,4.0,0.685,-5.0,0.770
L10264,South Africa,CRS-009,6.0,0.939,-11.7,0.722
L14450,Egypt,CRS-002,8.2,0.747,-4.2,0.420
L12532,Egypt,CRS-005,9.9,0.765,18.3,0.891
L14192,Egypt,CRS-014,1.6,0.727,-6.5,0.847
L14765,Egypt,CRS-008,9.2,0.895,-20.8,0.796
L14293,Egypt,CRS-013,6.5,0.407,15.2,0.773
L13411,Egypt,CRS-010,1.1,0.562,8.7,0.769
L11322,Egypt,CRS-009,3.3,0.467,12.5,0.858
L13108,Egypt,CRS-001,1.6,0.653,-12.2,0.425
L11489,Egypt,CRS-007,14.2,0.434,3.1,0.585
L11727,Egypt,CRS-007,7.5,0.758,-3.2,0.672
L12661,South Africa,CRS-008,0.0,0.837,-3.6,0.734
L11834,South Africa,CRS-007,1.7,0.873,-36.6,0.713
L11682,South Africa,CRS-003,6.7,0.845,-10.6,0.956
L12373,South Africa,CRS-007,1.3,0.702,-4.7,0.553
L12205,Egypt,CRS-006,3.1,0.762,-18.1,0.787
L13087,South Africa,CRS-007,4.1,0.794,19.6,0.743
L12148,Egypt,CRS-003,0.1,0.631,8.7,0.832
L10752,South Africa,CRS-002,2.7,0.528,4.3,0.821
L11313,South Africa,CRS-001,4.7,0.415,2.2,0.756
L11772,Egypt,CRS-009,5.5,0.792,-0.5,0.213
L15213,Egypt,CRS-012,0.6,0.727,11.0,0.665
L14885,Egypt,CRS-013,6.4,0.828,-24.1,0.636
L12018,South Africa,CRS-001,1.3,0.140,27.5,0.886
L10851,Egypt,CRS-001,1.9,0.783,-6.7,0.804
L11990,South Africa,CRS-001,8.9,0.866,-8.0,0.765
L13186,South Africa,CRS-004,10.2,0.490,-5.4,0.595
L10552,South Africa,CRS-005,21.0,0.734,-43.4,0.815
L10605,Egypt,CRS-012,30.7,0.641,18.8,0.753
L10501,South Africa,CRS-014,22.5,0.754,6.9,0.595
L12619,South Africa,CRS-011,8.1,0.560,6.8,0.856
L10971,Egypt,CRS-009,1.9,0.478,-9.1,0.848
L11285,South Africa,CRS-005,4.7,0.679,-6.7,0.463
L14884,Egypt,CRS-014,13.0,0.303,8.2,0.853
L12035,Egypt,CRS-014,1.0,0.660,20.6,0.949
L10384,South Africa,CRS-011,0.6,0.925,-16.9,0.852
L13607,Egypt,CRS-010,9.8,0.385,8.9,0.547
L14225,South Africa,CRS-015,6.1,0.586,-13.6,0.641
L10677,Egypt,CRS-004,4.1,0.684,2.6,0.801
L13153,South Africa,CRS-001,0.8,0.836,12.7,0.904
L12234,South Africa,CRS-008,28.3,0.878,3.9,0.942
L10130,South Africa,CRS-008,1.7,0.679,-2.7,0.898
L14788,South Africa,CRS-008,11.6,0.920,-3.8,0.571
L10488,South Africa,CRS-009,1.3,0.539,25.9,0.870
L11395,South Africa,CRS-014,3.6,0.864,29.5,0.160
L15273,Egypt,CRS-015,6.6,0.718,-19.1,0.681
L13555,South Africa,CRS-009,3.2,0.868,7.3,0.653
L11993,Egypt,CRS-006,9.2,0.947,8.2,0.595
L11304,South Africa,CRS-004,3.7,0.817,-12.5,0.817
L11573,Egypt,CRS-005,3.2,0.895,26.8,0.513
L11247,Egypt,CRS-013,5.5,0.748,5.8,0.862
L13797,Egypt,CRS-014,2.6,0.786,1.7,0.457
L12528,Egypt,CRS-011,0.4,0.706,3.1,0.732
L11870,South Africa,CRS-010,0.0,0.840,-11.8,0.733
L12571,South Africa,CRS-004,25.1,0.771,16.4,0.561
L11600,South Africa,CRS-013,4.5,0.764,-14.4,0.327
L12894,South Africa,CRS-006,10.5,0.837,-3.0,0.409
L10546,Egypt,CRS-014,2.3,0.568,19.6,0.664
L14410,South Africa,CRS-007,27.4,0.790,16.8,0.583
L12473,South Africa,CRS-001,15.6,0.724,6.7,0.840
L11142,Egypt,CRS-010,1.2,0.799,0.8,0.771
L10202,Egypt,CRS-003,21.9,0.877,18.5,0.593
L13874,Egypt,CRS-008,6.4,0.796,16.4,0.698
L11630,Egypt,CRS-004,1.5,0.749,16.8,0.846
L13506,Egypt,CRS-001,3.8,0.608,-7.8,0.557
L11865,South Africa,CRS-010,24.1,0.425,-3.7,0.808
L11829,Egypt,CRS-015,0.1,0.771,-1.1,0.615
L15396,Egypt,CRS-015,11.3,0.602,3.1,0.744
L12946,South Africa,CRS-001,6.1,0.466,-34.1,0.734
L14066,South Africa,CRS-004,8.5,0.415,-12.6,0.584
L11976,Egypt,CRS-007,10.7,0.749,-12.2,0.735
L12147,South Africa,CRS-008,23.7,0.151,0.2,0.306
L15268,Egypt,CRS-012,0.8,0.906,20.3,0.396
L13461,South Africa,CRS-011,1.9,0.863,-5.7,0.683
L11742,Egypt,CRS-009,35.4,0.910,11.8,0.782
L11841,South Africa,CRS-012,2.5,0.676,12.7,0.560
L15264,South Africa,CRS-005,5.7,0.496,-24.9,0.735
L12836,South Africa,CRS-002,24.4,0.771,1.1,0.849
L12261,Egypt,CRS-008,15.3,0.293,-8.5,0.847
L14262,South Africa,CRS-011,2.0,0.519,17.8,0.840
L14771,Egypt,CRS-014,5.3,0.693,23.3,0.705
L12740,South Africa,CRS-008,21.7,0.811,-12.4,0.838
L10388,Egypt,CRS-011,4.7,0.650,6.0,0.448
L15074,South Africa,CRS-014,21.5,0.816,-11.1,0.824
L13182,Egypt,CRS-007,15.9,0.904,5.7,0.386
L11056,South Africa,CRS-014,2.9,0.203,-9.3,0.762
L10590,South Africa,CRS-011,2.9,0.708,0.9,0.511
L11770,South Africa,CRS-001,6.1,0.716,8.0,0.857
L13923,Egypt,CRS-008,0.6,0.662,-1.2,0.424
L15082,Egypt,CRS-002,2.0,0.771,-14.4,0.479
L13275,Egypt,CRS-015,5.2,0.684,-1.8,0.242
L10961,Egypt,CRS-005,31.3,0.689,5.8,0.834
L14248,South Africa,CRS-013,1.3,0.657,-4.8,0.540
L13989,Egypt,CRS-002,41.4,0.697,5.3,0.840
L11296,South Africa,CRS-007,6.7,0.290,-4.1,0.505
L12749,Egypt,CRS-009,0.1,0.810,11.0,0.709
L13230,South Africa,CRS-007,13.7,0.961,13.7,0.594
L13257,Egypt,CRS-001,5.7,0.599,17.6,0.862
L12059,South Africa,CRS-015,13.8,0.690,0.9,0.757
L14027,South Africa,CRS-005,8.9,0.791,-11.9,0.645
L12090,Egypt,CRS-011,4.3,0.900,4.0,0.532
L10951,Egypt,CRS-002,1.6,0.662,-23.6,0.718
L13122,South Africa,CRS-004,9.7,0.798,22.6,0.923
L13590,Egypt,CRS-007,21.2,0.800,-32.9,0.518
L10169,Egypt,CRS-008,5.4,0.894,-5.2,0.896
L14675,Egypt,CRS-012,9.9,0.568,-14.1,0.548
L10327,Egypt,CRS-007,6.2,0.823,-0.8,0.739
L14602,Egypt,CRS-012,11.4,0.887,2.5,0.541
L12669,South Africa,CRS-002,13.3,0.898,5.3,0.695
L14987,South Africa,CRS-001,5.2,0.925,-4.8,0.653
L11857,South Africa,CRS-005,5.2,0.707,-31.7,0.409
L13272,Egypt,CRS-007,2.5,0.884,-17.0,0.754
L14643,Egypt,CRS-004,4.8,0.731,-5.6,0.692
L11989,Egypt,CRS-002,56.3,0.229,-24.8,0.856
L12828,South Africa,CRS-003,4.6,0.819,0.5,0.822
L13474,Egypt,CRS-010,6.9,0.499,0.9,0.598
L14366,Egypt,CRS-011,3.1,0.796,1.0,0.734
L10565,South Africa,CRS-001,25.5,0.567,-2.0,0.722
L13884,Egypt,CRS-005,33.4,0.776,-42.7,0.652
L14230,South Africa,CRS-012,0.9,0.691,3.3,0.798
L13930,Egypt,CRS-007,7.9,0.630,16.7,0.692
L15072,Egypt,CRS-005,13.1,0.899,15.7,0.757
L12870,Egypt,CRS-010,13.5,0.741,-36.4,0.547
L11533,Egypt,CRS-004,0.7,0.479,4.0,0.626
L15334,Egypt,CRS-014,1.9,0.581,-2.9,0.728
L13269,South Africa,CRS-003,3.3,0.702,24.6,0.773
L12748,South Africa,CRS-001,4.3,0.528,-9.6,0.801
L13759,Egypt,CRS-014,6.7,0.892,-8.7,0.224
L11764,Egypt,CRS-015,8.6,0.383,-12.4,0.907
L12174,South Africa,CRS-007,6.2,0.613,4.6,0.774
L15131,South Africa,CRS-012,55.7,0.699,12.1,0.685
L12825,South Africa,CRS-015,21.2,0.479,-12.2,0.639
L11477,Egypt,CRS-012,27.4,0.749,13.1,0.490
L10535,Egypt,CRS-013,9.6,0.561,-11.4,0.706
L10186,South Africa,CRS-009,8.4,0.609,19.6,0.617
L11404,Egypt,CRS-011,9.3,0.852,-0.8,0.690
L12752,South Africa,CRS-002,2.1,0.902,-14.1,0.491
L12344,South Africa,CRS-008,1.7,0.722,22.6,0.895
L15229,Egypt,CRS-010,5.5,0.541,-6.4,0.874
L10894,Egypt,CRS-002,16.5,0.645,4.0,0.737
L10212,Egypt,CRS-002,25.2,0.750,7.4,0.901
L11127,Egypt,CRS-002,10.0,0.576,-1.0,0.735
L14830,South Africa,CRS-010,2.9,0.729,-3.5,0.984
L14779,South Africa,CRS-002,1.3,0.612,-8.2,0.755
L13728,Egypt,CRS-014,5.2,0.736,2.5,0.860
L14944,Egypt,CRS-006,10.3,0.702,-14.6,0.815
L13132,Egypt,CRS-015,4.4,0.873,-23.6,0.488
L11353,Egypt,CRS-015,2.0,0.819,-2.4,0.813
L10303,Egypt,CRS-007,22.8,0.841,-0.4,0.961
L14606,South Africa,CRS-008,0.3,0.414,15.6,0.819
L13197,South Africa,CRS-002,17.7,0.561,-8.6,0.785
L10887,South Africa,CRS-005,3.1,0.508,5.5,0.716
L14036,Egypt,CRS-002,19.9,0.644,-4.3,0.605
L10428,Egypt,CRS-014,12.9,0.917,19.7,0.717
L12742,South Africa,CRS-015,0.3,0.639,9.6,0.638
L15186,South Africa,CRS-002,8.8,0.395,-2.1,0.933
L10683,Egypt,CRS-015,3.9,0.703,-10.3,0.681
L15095,South Africa,CRS-008,2.4,0.676,-18.2,0.415
L14408,South Africa,CRS-012,2.1,0.838,-1.1,0.929
L13283,South Africa,CRS-004,29.1,0.849,-6.7,0.922
L14028,Egypt,CRS-013,2.5,0.790,18.7,0.699
L13397,South Africa,CRS-009,34.6,0.708,-7.4,0.905
L14480,South Africa,CRS-006,3.1,0.690,-22.9,0.824
L13627,Egypt,CRS-011,2.3,0.977,-2.3,0.752
L11188,Egypt,CRS-006,3.4,0.855,-1.0,0.556
L15354,Egypt,CRS-008,9.3,0.516,-8.5,0.742
L12760,South Africa,CRS-015,1.6,0.665,9.7,0.678
L12308,Egypt,CRS-004,13.9,0.960,-0.9,0.137
L12615,Egypt,CRS-004,0.7,0.579,5.7,0.805
L15127,Egypt,CRS-001,1.6,0.870,-23.8,0.566
L14512,South Africa,CRS-012,12.3,0.711,-4.3,0.448
L11041,South Africa,CRS-007,29.2,0.642,13.0,0.697
L15232,Egypt,CRS-005,5.3,0.692,18.0,0.791
L13904,South Africa,CRS-010,0.0,0.709,-1.8,0.732
L11131,South Africa,CRS-005,2.2,0.532,-13.8,0.797
L12085,South Africa,CRS-002,18.7,0.996,6.1,0.322
L11088,South Africa,CRS-005,2.9,0.928,-0.3,0.403
L12791,South Africa,CRS-009,4.3,0.705,-12.2,0.967
L14947,South Africa,CRS-001,3.2,0.653,-24.3,0.900
L13780,South Africa,CRS-001,2.0,0.608,-9.6,0.952
L14390,Egypt,CRS-004,9.9,0.613,-5.2,0.669
L12307,Egypt,CRS-013,0.8,0.668,9.7,0.709
L10550,South Africa,CRS-014,2.1,0.605,2.2,0.767
L13128,Egypt,CRS-011,2.9,0.686,16.8,0.932
L10509,Egypt,CRS-012,9.0,0.354,-9.9,0.491
L13303,Egypt,CRS-007,5.6,0.707,17.0,0.285
L14034,South Africa,CRS-003,31.7,0.809,-8.6,0.691
L10549,South Africa,CRS-014,1.7,0.635,-8.0,0.704
L14717,Egypt,CRS-007,2.7,0.295,22.3,0.728
L12314,Egypt,CRS-011,15.1,0.616,11.1,0.513
L10657,South Africa,CRS-001,5.9,0.786,21.4,0.750
L11394,South Africa,CRS-015,0.5,0.565,-2.5,0.706
L10462,South Africa,CRS-006,2.9,0.640,-7.1,0.746
L11281,South Africa,CRS-014,2.6,0.523,-7.7,0.498
L13916,South Africa,CRS-005,5.1,0.578,-2.2,0.915
L13184,Egypt,CRS-001,5.3,0.691,14.0,0.495
L12186,South Africa,CRS-014,10.7,0.399,6.8,0.820
L11882,Egypt,CRS-001,20.4,0.337,2.0,0.497
L13386,South Africa,CRS-004,5.9,0.664,15.3,0.745
L12345,Egypt,CRS-013,12.7,0.861,10.7,0.603
L11751,Egypt,CRS-006,6.0,0.538,-2.4,0.521
L10157,Egypt,CRS-007,0.7,0.732,1.1,0.459
L15201,Egypt,CRS-006,0.3,0.771,11.4,0.707
L13421,South Africa,CRS-004,1.2,0.702,13.5,0.865
L12421,South Africa,CRS-011,4.4,0.578,5.9,0.558
L12294,Egypt,CRS-014,2.9,0.688,24.6,0.565
L11487,Egypt,CRS-013,6.6,0.578,-9.8,0.508
L10558,South Africa,CRS-012,14.4,0.531,-13.1,0.736
L11964,Egypt,CRS-007,3.8,0.723,-39.8,0.837
L12561,Egypt,CRS-009,2.1,0.524,16.5,0.939
L10198,Egypt,CRS-006,20.2,0.715,14.2,0.777
L14500,South Africa,CRS-011,2.6,0.715,-5.6,0.738
L14195,Egypt,CRS-004,13.0,0.835,1.6,0.300
L14462,South Africa,CRS-002,1.5,0.384,5.8,0.890
L14535,South Africa,CRS-002,0.6,0.620,-7.9,0.953
L14527,South Africa,CRS-011,5.2,0.773,20.5,0.663
L11297,South Africa,CRS-003,5.7,0.249,0.0,0.431
L14817,Egypt,CRS-004,3.0,0.651,4.4,0.745
L11016,Egypt,CRS-004,17.7,0.847,1.5,0.739
L13176,Egypt,CRS-015,38.6,0.913,9.4,0.567
L10230,Egypt,CRS-003,2.9,0.444,-37.1,0.724
L15006,South Africa,CRS-013,10.8,0.628,26.2,0.724
L11633,South Africa,CRS-013,18.9,0.560,14.8,0.717
L10355,Egypt,CRS-011,7.2,0.756,-15.7,0.732
L14373,Egypt,CRS-008,6.9,0.859,10.1,0.508
L10682,South Africa,CRS-012,7.8,0.576,2.2,0.796
L13085,South Africa,CRS-001,1.9,0.699,9.2,0.405
L12637,Egypt,CRS-009,7.1,0.743,0.8,0.839
L12169,Egypt,CRS-011,4.6,0.849,-15.6,0.771
L11079,Egypt,CRS-012,0.9,0.797,-7.0,0.711
L13136,Egypt,CRS-006,12.1,0.740,-27.9,0.341
L13762,South Africa,CRS-010,6.9,0.552,-2.1,0.501
L12612,South Africa,CRS-014,1.3,0.591,-11.1,0.361
L14316,South Africa,CRS-015,13.3,0.417,-47.7,0.467
L12577,South Africa,CRS-001,9.7,0.259,-1.6,0.554
L10448,South Africa,CRS-004,3.3,0.734,6.1,0.663
L14341,South Africa,CRS-009,6.0,0.392,11.5,0.597
L11688,Egypt,CRS-008,0.7,0.772,21.0,0.727
L15362,Egypt,CRS-005,1.4,0.883,-13.1,0.521
L12260,Egypt,CRS-015,1.2,0.632,-1.0,0.561
L10142,Egypt,CRS-013,12.0,0.848,-8.9,0.705
L14728,South Africa,CRS-012,3.1,0.673,-6.7,0.377
L13750,Egypt,CRS-001,34.4,0.834,-7.0,0.761
L14550,Egypt,CRS-014,8.7,0.740,-7.4,0.890
L15370,South Africa,CRS-002,16.1,0.691,-11.3,0.406
L11482,Egypt,CRS-009,11.3,0.911,-3.6,0.630
L13764,South Africa,CRS-007,3.6,0.773,-25.9,0.425
L11683,South Africa,CRS-003,20.0,0.743,-4.9,0.974
L11418,Egypt,CRS-013,2.0,0.725,1.7,0.686
L13471,Egypt,CRS-015,1.5,0.748,7.8,0.697
L15296,Egypt,CRS-014,7.9,0.757,1.1,0.866
L14384,South Africa,CRS-010,0.0,0.592,-15.0,0.585
L14763,South Africa,CRS-011,0.9,0.776,-3.9,0.808
L12493,South Africa,CRS-001,6.7,0.857,-2.1,0.846
L10271,South Africa,CRS-012,14.8,0.710,-15.1,0.761
L13690,South Africa,CRS-008,9.1,0.889,10.3,0.895
L14956,South Africa,CRS-004,13.5,0.564,-6.5,0.822
L12229,South Africa,CRS-009,35.7,0.775,-15.2,0.715
L15315,South Africa,CRS-007,6.6,0.893,2.0,0.754
L11543,South Africa,CRS-005,4.3,0.865,-8.4,0.626
L11251,South Africa,CRS-013,4.3,0.810,3.1,0.365
L12335,South Africa,CRS-014,1.4,0.520,-13.9,0.690
L10156,Egypt,CRS-006,4.2,0.606,-15.9,0.583
L15158,South Africa,CRS-012,21.3,0.523,1.0,0.710
L12638,South Africa,CRS-014,26.6,0.370,-10.3,0.744
L10013,Egypt,CRS-008,4.4,0.908,5.1,0.318
L13704,South Africa,CRS-012,3.5,0.925,4.9,0.739
L11687,Egypt,CRS-003,26.0,0.670,7.0,0.446
L14874,Egypt,CRS-013,3.1,0.583,-13.0,0.803
L12809,South Africa,CRS-008,15.3,0.734,-32.6,0.572
L10637,Egypt,CRS-012,4.2,0.738,-5.4,0.470
L13055,Egypt,CRS-012,5.3,0.695,-10.4,0.842
L12065,South Africa,CRS-007,1.1,0.628,-4.4,0.316
L12298,South Africa,CRS-010,6.5,0.845,-10.8,0.510
L11861,Egypt,CRS-002,11.2,0.882,-5.0,0.301
L15240,Egypt,CRS-002,1.2,0.720,11.6,0.724
L12121,Egypt,CRS-002,1.7,0.878,-21.8,0.712
L13460,South Africa,CRS-005,0.4,0.894,4.1,0.821
L14526,Egypt,CRS-005,53.8,0.342,11.1,0.616
L15189,South Africa,CRS-015,2.0,0.724,-48.4,0.665
L14839,South Africa,CRS-015,4.0,0.577,-6.0,0.789
L11974,Egypt,CRS-005,1.9,0.823,-5.2,0.613
L11515,Egypt,CRS-015,4.7,0.799,-1.5,0.928
L13145,Egypt,CRS-001,12.2,0.771,-20.3,0.405
L10184,South Africa,CRS-007,8.5,0.663,33.6,0.709
L15378,South Africa,CRS-004,24.3,0.913,-0.8,0.787
L13591,Egypt,CRS-009,23.3,0.595,-9.7,0.812
L10226,Egypt,CRS-014,1.7,0.815,8.3,0.105
L12786,Egypt,CRS-001,11.1,0.601,-5.2,0.153
L10057,South Africa,CRS-010,0.4,0.817,-5.7,0.463
L12494,South Africa,CRS-004,1.2,0.822,5.9,0.691
L12938,South Africa,CRS-003,0.3,0.768,5.0,0.271
L10073,Egypt,CRS-005,8.6,0.806,1.6,0.713
L12692,Egypt,CRS-004,7.3,0.932,-5.5,0.628
L11124,Egypt,CRS-011,10.8,0.843,10.9,0.769
L12799,Egypt,CRS-009,10.1,0.604,5.1,0.678
L13984,South Africa,CRS-003,33.5,0.832,-7.8,0.349
L11028,Egypt,CRS-013,0.2,0.974,-26.7,0.707
L11957,South Africa,CRS-002,11.8,0.991,-37.1,0.588
L11796,South Africa,CRS-011,9.1,0.826,6.5,0.723
L14925,Egypt,CRS-003,9.1,0.736,-25.9,0.387
L13580,South Africa,CRS-014,2.3,0.520,-5.2,0.779
L13741,Egypt,CRS-006,13.1,0.977,4.4,0.727
L13086,Egypt,CRS-005,8.0,0.703,-16.9,0.756
L10507,Egypt,CRS-006,5.0,0.746,25.3,0.888
L12331,Egypt,CRS-009,24.2,0.682,-17.9,0.562
L10247,South Africa,CRS-007,3.9,0.745,-6.9,0.839
L12003,South Africa,CRS-003,11.2,0.823,-4.4,0.777
L14353,South Africa,CRS-006,10.3,0.661,-29.9,0.776
L14142,South Africa,CRS-005,1.2,0.432,-49.6,0.922
L13582,South Africa,CRS-007,13.1,0.725,-9.4,0.610
L14067,Egypt,CRS-001,0.4,0.732,-12.4,0.514
L14495,Egypt,CRS-007,0.8,0.797,-9.6,0.328
L14215,South Africa,CRS-006,4.8,0.874,11.5,0.333
L13755,Egypt,CRS-011,20.5,0.758,-1.4,0.847
L14513,Egypt,CRS-005,0.7,0.735,12.9,0.856
L11982,South Africa,CRS-001,2.3,0.763,12.9,0.649
L12711,South Africa,CRS-015,7.1,0.489,3.6,0.655
L10722,Egypt,CRS-002,14.5,0.835,-0.7,0.717
L13686,South Africa,CRS-011,22.7,0.836,-2.8,0.868
L14463,Egypt,CRS-013,14.4,0.532,-14.4,0.491
L15183,South Africa,CRS-001,1.3,0.718,4.6,0.968
L13264,South Africa,CRS-014,18.2,0.584,-1.9,0.850
L11089,South Africa,CRS-015,15.4,0.920,-2.4,0.697
L12535,South Africa,CRS-012,0.0,0.410,8.7,0.911
L14251,South Africa,CRS-007,6.4,0.922,-10.8,0.617
L14809,South Africa,CRS-001,13.0,0.708,4.0,0.796
L10260,South Africa,CRS-002,8.5,0.918,-19.2,0.580
L11000,South Africa,CRS-001,0.8,0.448,4.5,0.984
L14900,South Africa,CRS-010,13.1,0.771,-22.2,0.806
L12816,South Africa,CRS-010,7.5,0.620,2.4,0.563
L13449,Egypt,CRS-015,0.2,0.913,15.5,0.574
L13423,Egypt,CRS-008,37.3,0.844,-7.9,0.138
L12914,South Africa,CRS-006,3.6,0.739,1.8,0.968
L10234,Egypt,CRS-002,1.7,0.809,-7.3,0.571
L12239,South Africa,CRS-007,1.7,0.174,-25.5,0.744
L12185,South Africa,CRS-003,27.2,0.817,1.1,0.576
L10983,Egypt,CRS-003,4.4,0.666,7.6,0.599
L13925,Egypt,CRS-008,3.3,0.577,7.9,0.685
L13995,Egypt,CRS-006,7.7,0.642,2.4,0.894
L12127,South Africa,CRS-014,4.1,0.441,-5.8,0.926
L14000,Egypt,CRS-006,18.5,0.813,-7.4,0.787
L11237,South Africa,CRS-006,5.6,0.644,7.0,0.600
L13276,South Africa,CRS-009,13.2,0.692,-2.6,0.707
L13669,South Africa,CRS-001,10.8,0.756,-14.6,0.750
L11165,South Africa,CRS-008,15.4,0.892,-10.4,0.807
L14414,South Africa,CRS-003,9.8,0.109,10.3,0.676
L10034,Egypt,CRS-010,8.3,0.772,7.6,0.702
L13773,Egypt,CRS-007,13.0,0.205,-9.0,0.681
L10190,Egypt,CRS-011,15.4,0.435,10.0,0.727
L14375,Egypt,CRS-010,8.7,0.775,22.2,0.645
L12202,Egypt,CRS-014,3.7,0.900,-19.3,0.710
L11495,South Africa,CRS-011,1.2,0.849,7.6,0.784
L13685,Egypt,CRS-002,9.5,0.943,3.6,0.565
L10203,South Africa,CRS-008,5.2,0.793,13.3,0.723
L14024,Egypt,CRS-003,1.4,0.630,-5.0,0.746
L13063,Egypt,CRS-009,0.8,0.624,-13.5,0.728
L12125,Egypt,CRS-015,45.6,0.625,-4.9,0.613
L11004,South Africa,CRS-012,12.7,0.703,22.9,0.963
L12112,Egypt,CRS-010,9.2,0.757,-3.7,0.895
L14360,South Africa,CRS-004,9.7,0.899,-6.1,0.671
L13657,Egypt,CRS-005,8.0,0.734,-8.6,0.761
L11301,South Africa,CRS-012,7.3,0.296,3.2,0.332
L10963,Egypt,CRS-001,1.0,0.864,5.7,0.123
L13467,Egypt,CRS-013,0.7,0.810,-2.8,0.713
L13697,Egypt,CRS-010,3.5,0.905,4.2,0.172
L12417,Egypt,CRS-011,5.7,0.713,-6.7,0.728
L10218,South Africa,CRS-015,0.6,0.779,-35.3,0.409
L12963,South Africa,CRS-007,1.8,0.550,7.8,0.481
L10371,South Africa,CRS-015,1.9,0.920,0.7,0.705
L12393,Egypt,CRS-015,3.6,0.451,-13.0,0.687
L11196,Egypt,CRS-005,6.0,0.941,-12.9,0.850
L14010,Egypt,CRS-015,1.1,0.701,-6.9,0.799
L15088,South Africa,CRS-015,10.2,0.564,-20.5,0.686
L15000,South Africa,CRS-010,7.2,0.788,5.7,0.364
L15078,South Africa,CRS-010,12.7,0.919,3.7,0.868
L12880,Egypt,CRS-014,5.2,0.606,-0.5,0.742
L11274,South Africa,CRS-007,14.3,0.903,-9.1,0.929
L12272,Egypt,CRS-011,11.8,0.361,5.5,0.653
L14365,Egypt,CRS-008,6.9,0.849,14.1,0.787
L13140,South Africa,CRS-013,3.9,0.700,-10.1,0.795
L10751,Egypt,CRS-006,1.2,0.888,-14.3,0.930
L11206,South Africa,CRS-012,11.3,0.574,-6.1,0.710
L10346,South Africa,CRS-006,3.9,0.557,5.6,0.698
L10505,South Africa,CRS-013,4.3,0.150,-20.1,0.449
L10999,Egypt,CRS-005,1.6,0.869,12.3,0.854
L13553,Egypt,CRS-002,5.8,0.707,8.0,0.736
L12266,Egypt,CRS-010,11.2,0.769,4.2,0.435
L11553,Egypt,CRS-015,26.1,0.654,12.7,0.681
L13913,South Africa,CRS-005,2.8,0.759,11.7,0.868
L10991,South Africa,CRS-010,3.4,0.625,-0.2,0.766
L11660,South Africa,CRS-008,0.6,0.609,10.3,0.865
L13254,South Africa,CRS-012,0.9,0.542,-2.8,0.584
L13651,Egypt,CRS-011,9.0,0.828,1.1,0.604
L14645,Egypt,CRS-008,2.5,0.651,2.1,0.279
L15080,Egypt,CRS-012,7.2,0.454,-16.2,0.636
L14340,Egypt,CRS-015,25.4,0.807,-6.1,0.728
L14609,South Africa,CRS-003,15.7,0.338,14.9,0.916
L13769,Egypt,CRS-007,2.5,0.757,-2.8,0.665
L14190,Egypt,CRS-012,3.3,0.770,-9.6,0.925
L10521,Egypt,CRS-007,7.8,0.151,-1.6,0.554
L13706,South Africa,CRS-003,0.3,0.583,-17.8,0.782
L14460,South Africa,CRS-003,3.5,0.969,8.4,0.888
L12289,South Africa,CRS-015,1.3,0.639,-29.2,0.801
L13588,Egypt,CRS-010,4.2,0.912,-43.3,0.759
L12978,South Africa,CRS-008,17.8,0.590,31.5,0.644
L12508,South Africa,CRS-015,17.9,0.666,2.2,0.501
L13535,Egypt,CRS-004,7.5,0.357,-4.9,0.845
L10592,South Africa,CRS-006,1.3,0.773,14.3,0.632
L13675,Egypt,CRS-010,30.6,0.602,19.9,0.826
L15055,South Africa,CRS-013,13.8,0.983,4.8,0.610
L12328,South Africa,CRS-012,0.5,0.942,-6.1,0.680
L12510,Egypt,CRS-003,5.8,0.622,1.4,0.532
L14538,South Africa,CRS-001,21.4,0.449,0.2,0.423
L14376,South Africa,CRS-003,20.5,0.872,14.2,0.634
L15120,South Africa,CRS-006,4.9,0.401,-1.9,0.697
L14113,South Africa,CRS-001,0.1,0.221,8.3,0.334
L14910,South Africa,CRS-007,3.2,0.777,12.5,0.657
L12398,South Africa,CRS-006,2.2,0.880,12.2,0.504
L11370,South Africa,CRS-015,22.8,0.602,-21.8,0.721
L15039,Egypt,CRS-010,3.7,0.919,8.0,0.613
L11739,Egypt,CRS-003,17.9,0.545,-0.3,0.841
L14746,Egypt,CRS-009,33.8,0.932,3.5,0.719
L13765,Egypt,CRS-001,9.6,0.581,9.1,0.796
L10278,Egypt,CRS-007,7.9,0.651,0.5,0.748
L12022,Egypt,CRS-006,0.6,0.938,-11.2,0.864
L13263,Egypt,CRS-002,6.2,0.928,-4.0,0.368
L10790,South Africa,CRS-007,4.8,0.908,8.8,0.302
L13286,South Africa,CRS-006,15.6,0.707,-12.2,0.893
L11483,Egypt,CRS-005,20.3,0.831,5.9,0.918
L12299,Egypt,CRS-009,1.3,0.611,16.5,0.660
L15096,South Africa,CRS-008,2.1,0.443,6.1,0.500
L12128,Egypt,CRS-010,2.4,0.830,-7.9,0.891
L11755,Egypt,CRS-005,22.5,0.688,10.5,0.721
L13538,Egypt,CRS-009,0.4,0.619,-17.4,0.703
L11644,Egypt,CRS-006,36.0,0.841,-11.5,0.851
L10738,Egypt,CRS-011,0.4,0.802,-4.2,0.647
L13224,Egypt,CRS-009,15.4,0.640,10.1,0.868
L12259,South Africa,CRS-003,0.6,0.785,1.2,0.502
L13761,South Africa,CRS-010,9.4,0.843,15.6,0.915
L10096,South Africa,CRS-006,16.8,0.854,6.7,0.768
L15261,South Africa,CRS-011,20.9,0.484,17.8,0.478
L13527,Egypt,CRS-015,2.3,0.505,4.1,0.613
L13718,Egypt,CRS-007,8.4,0.849,-7.6,0.851
L10249,South Africa,CRS-014,3.5,0.909,-3.2,0.916
L12999,South Africa,CRS-011,19.1,0.782,4.5,0.666
L12942,Egypt,CRS-001,11.8,0.669,-22.5,0.589
L14547,South Africa,CRS-006,8.5,0.876,0.0,0.874
L10499,Egypt,CRS-012,5.0,0.811,-10.3,0.668
L12986,South Africa,CRS-013,13.3,0.577,-32.6,0.622
L13858,Egypt,CRS-004,0.2,0.902,-17.1,0.341
L10903,Egypt,CRS-010,19.3,0.929,9.6,0.767
L14636,South Africa,CRS-015,16.9,0.918,24.4,0.733
L10628,South Africa,CRS-008,0.4,0.485,-10.5,0.269
L11560,South Africa,CRS-012,15.1,0.789,17.0,0.915
L12906,South Africa,CRS-013,3.9,0.482,14.2,0.869
L14109,South Africa,CRS-015,7.5,0.899,3.3,0.739
L14291,South Africa,CRS-010,7.5,0.709,-13.5,0.678
L11722,South Africa,CRS-004,11.3,0.807,-2.7,0.800
L12477,Egypt,CRS-006,29.9,0.840,-16.5,0.836
L10337,Egypt,CRS-006,6.6,0.606,-38.6,0.694
L14539,Egypt,CRS-008,4.2,0.757,-4.4,0.910
L12023,South Africa,CRS-008,34.3,0.972,18.5,0.464
L12279,South Africa,CRS-002,7.3,0.792,18.1,0.901
L15331,South Africa,CRS-011,0.6,0.792,4.4,0.690
L11610,South Africa,CRS-012,9.6,0.543,-8.9,0.483
L13227,South Africa,CRS-002,3.0,0.573,-3.1,0.704
L12842,Egypt,CRS-007,0.1,0.849,15.9,0.676
L12233,South Africa,CRS-012,11.8,0.752,-0.5,0.228
L14479,Egypt,CRS-010,16.4,0.672,16.6,0.720
L13912,South Africa,CRS-011,9.8,0.577,4.7,0.586
L14556,Egypt,CRS-003,5.2,0.461,20.3,0.796
L12445,South Africa,CRS-008,6.8,0.698,15.4,0.860
L11797,South Africa,CRS-006,2.0,0.865,4.2,0.897
L14799,Egypt,CRS-011,0.7,0.811,-0.7,0.764
L13074,South Africa,CRS-009,11.0,0.874,-8.4,0.574
L11369,South Africa,CRS-003,8.6,0.496,-4.0,0.873
L10363,South Africa,CRS-010,8.8,0.374,-36.2,0.871
L11531,South Africa,CRS-012,5.9,0.567,-33.1,0.813
L14668,Egypt,CRS-006,2.7,0.550,9.4,0.791
L11520,South Africa,CRS-013,16.5,0.937,-23.7,0.585
L13554,South Africa,CRS-012,2.7,0.903,5.9,0.447
L12330,Egypt,CRS-013,14.0,0.814,-3.6,0.722
L12002,Egypt,CRS-006,7.0,0.676,22.8,0.500
L11881,South Africa,CRS-006,14.1,0.576,-9.5,0.600
L10672,South Africa,CRS-004,0.7,0.685,9.4,0.601
L14338,Egypt,CRS-004,1.2,0.590,-4.2,0.679
L10277,South Africa,CRS-010,3.7,0.868,-21.7,0.716
L14077,Egypt,CRS-003,2.2,0.620,-0.3,0.526
L12422,Egypt,CRS-013,0.5,0.875,-16.4,0.796
L14798,South Africa,CRS-003,7.6,0.802,-3.7,0.703
L15162,South Africa,CRS-002,16.5,0.742,3.4,0.727
L11478,South Africa,CRS-011,6.1,0.451,-3.3,0.746
L13208,Egypt,CRS-009,11.8,0.253,-4.5,0.680
L13402,South Africa,CRS-007,7.6,0.892,0.1,0.496
L14370,South Africa,CRS-015,31.7,0.904,-12.0,0.580
L14259,Egypt,CRS-007,2.0,0.894,-7.7,0.893
L15123,Egypt,CRS-008,3.8,0.869,-3.6,0.743
L14872,Egypt,CRS-006,18.3,0.669,19.1,0.741
L13871,Egypt,CRS-008,0.6,0.840,-12.9,0.881
L13695,Egypt,CRS-013,10.5,0.700,-0.6,0.829
L11786,Egypt,CRS-005,13.9,0.764,-6.3,0.747
L13458,Egypt,CRS-009,8.5,0.457,-3.7,0.800
L13658,South Africa,CRS-011,20.8,0.555,-1.3,0.850
L14865,South Africa,CRS-012,13.9,0.505,-14.2,0.856
L12741,South Africa,CRS-006,6.4,0.784,-4.0,0.651
L11082,Egypt,CRS-012,6.5,0.925,-12.7,0.887
L12861,South Africa,CRS-006,21.0,0.479,18.6,0.795
L14107,South Africa,CRS-013,2.1,0.856,12.9,0.880
L10808,South Africa,CRS-005,5.1,0.327,0.8,0.812
L11741,Egypt,CRS-004,0.9,0.702,-20.4,0.415
L11570,South Africa,CRS-009,0.8,0.891,-17.0,0.401
L12897,South Africa,CRS-005,4.3,0.654,24.5,0.724
L12697,South Africa,CRS-001,0.2,0.790,10.8,0.911
L12878,South Africa,CRS-015,3.9,0.896,5.6,0.900
L11872,South Africa,CRS-004,4.3,0.574,-16.7,0.787
L14649,South Africa,CRS-008,3.3,0.847,-10.4,0.856
L10366,Egypt,CRS-005,16.9,0.812,2.3,0.536
L13512,Egypt,CRS-011,3.5,0.739,6.8,0.679
L14723,South Africa,CRS-013,11.1,0.730,-13.9,0.403
L12670,Egypt,CRS-006,18.5,0.963,11.9,0.659
L15292,South Africa,CRS-010,1.1,0.922,12.3,0.641
L12414,South Africa,CRS-007,4.3,0.700,7.3,0.548
L15230,Egypt,CRS-001,8.0,0.810,-8.7,0.311
L11099,Egypt,CRS-004,51.5,0.778,-6.4,0.538
L12056,Egypt,CRS-001,0.1,0.489,-7.0,0.606
L12305,Egypt,CRS-012,2.1,0.699,3.9,0.839
L12858,South Africa,CRS-003,10.1,0.774,11.8,0.864
L14948,Egypt,CRS-010,4.6,0.494,1.9,0.718
L12797,Egypt,CRS-010,11.5,0.646,9.5,0.703
L11245,Egypt,CRS-006,22.2,0.380,-13.2,0.771
L11932,South Africa,CRS-010,11.6,0.570,17.2,0.632
L11364,South Africa,CRS-009,3.3,0.625,22.7,0.846
L15093,South Africa,CRS-003,8.1,0.865,12.9,0.688
L10975,South Africa,CRS-006,5.2,0.737,5.5,0.690
L10916,South Africa,CRS-012,1.4,0.884,4.6,0.892
L12288,Egypt,CRS-006,0.7,0.601,3.3,0.750
L12190,Egypt,CRS-004,1.0,0.645,2.0,0.796
L11190,Egypt,CRS-013,12.5,0.792,3.9,0.905
L10396,Egypt,CRS-006,10.4,0.753,4.3,0.775
L11958,Egypt,CRS-004,6.6,0.606,-6.9,0.179
L11565,Egypt,CRS-002,17.2,0.863,4.5,0.961
L12094,Egypt,CRS-003,7.4,0.801,-8.4,0.450
L12113,Egypt,CRS-008,25.0,0.846,-28.8,0.772
L10869,South Africa,CRS-009,28.2,0.815,-4.6,0.654
L11504,Egypt,CRS-012,4.4,0.567,1.2,0.738
L12881,Egypt,CRS-006,3.3,0.640,8.5,0.829
L13547,Egypt,CRS-003,12.9,0.878,20.4,0.866
L14464,Egypt,CRS-009,11.1,0.550,-4.7,0.708
L10495,Egypt,CRS-004,36.7,0.597,-35.0,0.593
L14249,South Africa,CRS-013,11.1,0.753,-12.9,0.722
L11966,South Africa,CRS-005,13.4,0.889,12.7,0.117
L13831,South Africa,CRS-005,39.9,0.492,9.5,0.578
L14025,Egypt,CRS-001,11.8,0.779,25.8,0.811
L14913,South Africa,CRS-008,27.0,0.101,-7.7,0.628
L11815,South Africa,CRS-010,10.3,0.728,-5.0,0.500
L11580,Egypt,CRS-015,0.1,0.859,-4.6,0.238
L12304,Egypt,CRS-011,10.4,0.723,-13.4,0.964
L12982,South Africa,CRS-014,3.1,0.896,8.5,0.493
L11740,South Africa,CRS-009,1.3,0.476,6.3,0.667
L14127,Egypt,CRS-014,1.6,0.468,-0.0,0.807
L11011,Egypt,CRS-013,17.6,0.633,5.4,0.841
L13022,South Africa,CRS-011,0.9,0.889,-17.6,0.589
L10769,Egypt,CRS-005,10.7,0.643,15.2,0.638
L10279,South Africa,CRS-006,1.6,0.793,-19.7,0.556
L10644,Egypt,CRS-010,4.4,0.641,-6.4,0.401
L10077,Egypt,CRS-004,5.4,0.708,-6.3,0.777
L13569,Egypt,CRS-006,2.8,0.847,6.5,0.618
L12782,South Africa,CRS-006,0.5,0.758,3.7,0.726
L13417,South Africa,CRS-007,16.0,0.737,-0.4,0.752
L12333,Egypt,CRS-005,7.2,0.964,-1.2,0.498
L11333,Egypt,CRS-007,22.4,0.893,-10.2,0.700
L11951,Egypt,CRS-011,1.5,0.691,7.3,0.402
L11545,Egypt,CRS-002,1.4,0.814,1.4,0.961
L14813,Egypt,CRS-007,1.5,0.582,-4.1,0.915
L14087,South Africa,CRS-011,1.5,0.898,-21.5,0.435
L11017,South Africa,CRS-001,3.1,0.802,2.3,0.635
L15194,Egypt,CRS-005,12.6,0.607,19.6,0.660
L12699,Egypt,CRS-014,13.5,0.916,-41.6,0.559
L14269,Egypt,CRS-007,38.4,0.276,6.6,0.662
L13634,South Africa,CRS-009,0.3,0.711,3.4,0.986
L11667,South Africa,CRS-007,0.2,0.809,22.1,0.649
L14041,Egypt,CRS-015,18.3,0.502,-4.4,0.680
L11215,South Africa,CRS-004,12.5,0.388,-1.7,0.648
L10369,South Africa,CRS-008,12.0,0.759,-6.1,0.808
L15180,South Africa,CRS-015,26.7,0.883,-4.1,0.795
L14981,South Africa,CRS-003,0.4,0.896,12.6,0.519
L15102,South Africa,CRS-009,10.5,0.976,18.2,0.593
L12549,South Africa,CRS-001,4.6,0.788,-21.4,0.535
L12932,South Africa,CRS-013,0.5,0.577,4.1,0.808
L14057,South Africa,CRS-007,4.2,0.746,4.7,0.322
L10895,South Africa,CRS-011,10.1,0.848,-9.0,0.919
L12567,Egypt,CRS-002,1.9,0.515,3.5,0.563
L14727,Egypt,CRS-002,3.9,0.658,-10.1,0.518
L12665,South Africa,CRS-015,1.5,0.723,-6.4,0.800
L14147,South Africa,CRS-012,0.5,0.895,26.8,0.555
L14050,Egypt,CRS-014,5.0,0.618,-3.5,0.654
L14615,South Africa,CRS-014,0.7,0.619,4.3,0.449
L12323,South Africa,CRS-003,10.7,0.895,-16.8,0.916
L15164,South Africa,CRS-003,19.6,0.632,-20.3,0.867
L12961,South Africa,CRS-011,1.4,0.507,8.9,0.926
L13938,Egypt,CRS-012,8.9,0.708,23.0,0.160
L13752,Egypt,CRS-012,6.6,0.672,-15.6,0.875
L14457,South Africa,CRS-012,9.2,0.341,0.2,0.941
L11811,South Africa,CRS-010,2.1,0.630,-44.5,0.881
L10017,Egypt,CRS-006,1.2,0.470,-8.4,0.592
L11749,Egypt,CRS-008,11.2,0.743,-6.6,0.564
L13840,Egypt,CRS-013,1.5,0.374,-11.1,0.311
L10531,Egypt,CRS-005,3.7,0.850,1.7,0.573
L13156,South Africa,CRS-001,3.7,0.392,7.5,0.641
L13079,South Africa,CRS-012,3.9,0.671,-0.3,0.596
L12350,South Africa,CRS-002,9.3,0.475,10.3,0.895
L12401,Egypt,CRS-013,0.7,0.170,-0.3,0.595
L13507,Egypt,CRS-011,5.0,0.887,-25.0,0.655
L14059,Egypt,CRS-005,2.9,0.710,-0.3,0.881
L14415,South Africa,CRS-014,8.8,0.649,-4.4,0.359
L14330,South Africa,CRS-010,3.4,0.832,4.4,0.724
L14419,South Africa,CRS-009,4.7,0.304,11.0,0.690
L15021,South Africa,CRS-010,13.4,0.518,12.9,0.794
L12374,South Africa,CRS-009,2.6,0.779,15.2,0.976
L13787,South Africa,CRS-006,3.7,0.553,7.1,0.834
L10504,Egypt,CRS-004,1.6,0.631,15.1,0.874
L15092,South Africa,CRS-013,55.5,0.793,-6.6,0.652
L10444,Egypt,CRS-015,2.0,0.370,-24.1,0.609
L11258,Egypt,CRS-002,0.8,0.850,4.2,0.777
L12772,South Africa,CRS-010,24.8,0.921,3.6,0.813
L12166,Egypt,CRS-006,12.0,0.763,13.5,0.601
L13229,South Africa,CRS-002,0.8,0.855,-13.6,0.945
L11467,Egypt,CRS-006,19.8,0.597,18.9,0.745
L10579,Egypt,CRS-014,21.6,0.908,3.7,0.708
L12775,South Africa,CRS-001,4.7,0.846,-21.5,0.828
L11969,Egypt,CRS-002,0.3,0.887,-23.2,0.451
L10106,Egypt,CRS-009,0.7,0.714,-20.2,0.721
L12592,Egypt,CRS-002,1.2,0.612,-5.4,0.560
L10733,South Africa,CRS-007,4.6,0.847,-0.9,0.832
L12468,Egypt,CRS-002,27.9,0.669,-8.1,0.747
L11058,South Africa,CRS-014,12.2,0.486,-1.9,0.858
L13855,South Africa,CRS-005,11.6,0.755,-0.6,0.752
L15161,Egypt,CRS-009,28.3,0.866,9.0,0.783
L13985,South Africa,CRS-011,8.8,0.948,-1.0,0.928
L15346,South Africa,CRS-013,10.3,0.726,-6.0,0.697
L12339,Egypt,CRS-007,0.6,0.197,6.3,0.651
L14596,Egypt,CRS-005,18.3,0.763,10.2,0.483
L10736,South Africa,CRS-005,10.1,0.741,-17.4,0.676
L10320,South Africa,CRS-010,14.3,0.736,-5.4,0.686
L12041,South Africa,CRS-002,0.8,0.773,-25.5,0.872
L13842,South Africa,CRS-004,8.5,0.761,3.9,0.685
L14787,Egypt,CRS-006,59.7,0.897,18.2,0.557
L12747,Egypt,CRS-015,0.7,0.957,-7.9,0.837
L11707,South Africa,CRS-004,2.6,0.787,1.9,0.829
L12594,South Africa,CRS-012,1.2,0.691,1.8,0.882
L10821,Egypt,CRS-014,0.4,0.714,-35.8,0.846
L12220,Egypt,CRS-014,5.0,0.831,-5.5,0.817
L10479,South Africa,CRS-002,7.7,0.635,-11.8,0.800
L10200,South Africa,CRS-004,3.9,0.600,7.8,0.932
L10982,South Africa,CRS-004,2.2,0.856,2.9,0.678
L11894,South Africa,CRS-009,1.2,0.789,25.0,0.537
L11118,Egypt,CRS-009,8.4,0.627,-2.2,0.685
L10655,South Africa,CRS-006,9.4,0.775,-0.1,0.591
L11608,South Africa,CRS-015,53.7,0.643,4.5,0.476
L10140,South Africa,CRS-011,0.7,0.801,9.1,0.781
L15152,South Africa,CRS-005,21.5,0.861,10.5,0.656
L10601,South Africa,CRS-006,3.7,0.645,-2.2,0.727
L11623,Egypt,CRS-010,1.3,0.106,-0.6,0.402
L11408,Egypt,CRS-009,48.3,0.957,0.9,0.732
L15012,South Africa,CRS-004,6.7,0.724,-10.6,0.816
L10926,Egypt,CRS-013,2.4,0.937,-12.4,0.513
L10053,South Africa,CRS-007,2.1,0.499,13.3,0.523
L14374,South Africa,CRS-011,2.7,0.811,7.7,0.519
L13649,Egypt,CRS-008,0.2,0.708,0.4,0.814
L12129,Egypt,CRS-015,7.2,0.469,-9.5,0.496
L13635,South Africa,CRS-007,3.9,0.889,7.7,0.680
L14358,South Africa,CRS-011,8.9,0.897,2.3,0.925
L10962,South Africa,CRS-015,12.0,0.273,-34.0,0.586
L11123,South Africa,CRS-012,2.6,0.652,-9.1,0.847
L14226,South Africa,CRS-010,16.6,0.529,-9.0,0.827
L11334,South Africa,CRS-006,6.5,0.532,12.7,0.684
L13672,South Africa,CRS-007,6.4,0.576,-2.4,0.288
L12281,South Africa,CRS-015,9.6,0.480,10.7,0.491
L15227,Egypt,CRS-013,6.0,0.762,-7.1,0.590
L11256,Egypt,CRS-011,23.4,0.878,-18.0,0.785
L13456,Egypt,CRS-010,1.8,0.581,-42.3,0.799
L11007,Egypt,CRS-006,5.1,0.749,-3.2,0.555
L10313,South Africa,CRS-003,1.4,0.779,7.0,0.964
L13183,Egypt,CRS-013,1.7,0.830,10.6,0.747
L13443,Egypt,CRS-005,8.1,0.744,1.8,0.674
L12715,Egypt,CRS-006,9.8,0.610,-8.1,0.721
L15084,South Africa,CRS-001,35.4,0.866,-9.0,0.638
L13731,Egypt,CRS-015,1.6,0.652,-6.2,0.950
L10728,South Africa,CRS-010,7.9,0.700,-16.4,0.667
L13883,South Africa,CRS-009,22.7,0.652,-1.8,0.746
L11388,South Africa,CRS-008,17.7,0.641,7.0,0.743
L12621,Egypt,CRS-010,36.3,0.737,-11.9,0.877
L12115,South Africa,CRS-010,4.7,0.854,-16.9,0.689
L10183,Egypt,CRS-013,10.8,0.954,-16.7,0.636
L11851,South Africa,CRS-008,7.2,0.702,0.9,0.490
L12583,Egypt,CRS-008,4.7,0.579,-0.1,0.563
L13612,South Africa,CRS-010,22.8,0.920,-33.2,0.864
L11983,Egypt,CRS-002,25.9,0.327,-12.3,0.672
L10665,Egypt,CRS-007,2.6,0.826,-1.2,0.261
L13556,Egypt,CRS-006,19.7,0.592,-18.2,0.553
L11732,South Africa,CRS-001,4.0,0.469,-11.7,0.167
L10326,South Africa,CRS-014,14.8,0.281,22.9,0.925
L10178,Egypt,CRS-007,13.6,0.666,5.1,0.536
L12551,South Africa,CRS-015,22.9,0.448,-8.1,0.498
L10155,South Africa,CRS-005,0.7,0.682,-0.9,0.539
L10619,Egypt,CRS-007,14.8,0.640,-0.5,0.884
L15398,Egypt,CRS-010,4.0,0.903,-2.8,0.786
L13292,South Africa,CRS-009,10.3,0.881,3.7,0.727
L11738,Egypt,CRS-012,13.7,0.428,-3.5,0.676
L14086,South Africa,CRS-009,9.8,0.383,-32.7,0.737
L10497,South Africa,CRS-003,14.7,0.905,22.9,0.783
L12458,Egypt,CRS-010,33.1,0.741,9.7,0.689
L13893,South Africa,CRS-012,31.0,0.724,7.3,0.754
L10534,South Africa,CRS-012,0.6,0.193,14.2,0.917
L13470,Egypt,CRS-009,9.6,0.783,-7.4,0.778
L10134,South Africa,CRS-001,11.3,0.718,-3.4,0.858
L13196,Egypt,CRS-005,2.5,0.722,5.0,0.813
L11686,South Africa,CRS-015,9.0,0.566,-13.5,0.446
L10740,Egypt,CRS-004,17.8,0.508,-7.6,0.649
L10072,South Africa,CRS-008,27.9,0.952,-10.6,0.770
L13065,Egypt,CRS-004,30.5,0.623,-5.0,0.634
L13579,South Africa,CRS-002,2.2,0.675,-26.3,0.372
L10131,Egypt,CRS-015,4.2,0.900,-8.3,0.924
L12067,South Africa,CRS-004,2.1,0.688,15.8,0.569
L15115,South Africa,CRS-008,5.9,0.619,29.3,0.819
L10923,South Africa,CRS-007,9.9,0.678,-23.7,0.729
L14978,Egypt,CRS-012,12.0,0.424,14.2,0.863
L12920,South Africa,CRS-001,8.4,0.936,30.6,0.457
L14261,South Africa,CRS-001,8.2,0.849,-3.8,0.614
L12076,South Africa,CRS-002,12.6,0.218,-28.2,0.438
L14391,Egypt,CRS-001,22.8,0.412,12.6,0.612
L11087,South Africa,CRS-005,21.7,0.769,18.1,0.576
L13452,South Africa,CRS-012,2.8,0.782,-10.5,0.533
L10368,Egypt,CRS-004,2.6,0.571,20.8,0.599
L11551,Egypt,CRS-002,4.9,0.763,-1.8,0.499
L14029,South Africa,CRS-007,5.7,0.763,-16.7,0.476
L10782,South Africa,CRS-010,4.5,0.909,-10.9,0.694
L12324,South Africa,CRS-003,1.5,0.628,-1.3,0.697
L10569,South Africa,CRS-005,7.9,0.844,-8.7,0.595
L14327,Egypt,CRS-008,2.0,0.406,-17.5,0.749
L10695,South Africa,CRS-009,13.2,0.605,-0.3,0.649
L14175,South Africa,CRS-006,21.3,0.754,4.3,0.605
L10843,South Africa,CRS-007,14.6,0.344,-12.6,0.564
L11048,South Africa,CRS-012,26.0,0.115,-28.8,0.769
L15203,Egypt,CRS-004,59.6,0.801,17.0,0.209
L13966,Egypt,CRS-015,4.5,0.805,12.7,0.290
L11491,Egypt,CRS-005,8.0,0.619,-12.0,0.724
L11574,South Africa,CRS-005,29.0,0.925,5.2,0.726
L14778,South Africa,CRS-009,1.7,0.671,-6.4,0.809
L14149,South Africa,CRS-012,6.2,0.973,-24.4,0.502
L15260,South Africa,CRS-014,0.1,0.660,-0.5,0.749
L13738,Egypt,CRS-004,0.2,0.627,-5.8,0.598
L13830,Egypt,CRS-012,3.3,0.761,21.6,0.791
L11201,Egypt,CRS-002,0.1,0.836,-22.5,0.586
L12987,South Africa,CRS-006,10.0,0.602,-18.1,0.805
L15143,South Africa,CRS-003,2.8,0.520,-47.6,0.347
L15344,South Africa,CRS-003,25.8,0.623,11.4,0.779
L10623,South Africa,CRS-001,13.1,0.604,-17.0,0.867
L14144,South Africa,CRS-009,0.1,0.840,9.2,0.941
L14525,South Africa,CRS-001,5.1,0.718,0.4,0.848
L12105,South Africa,CRS-003,1.8,0.594,-1.0,0.728
L14537,Egypt,CRS-010,8.1,0.713,-4.7,0.872
L10904,South Africa,CRS-006,0.8,0.941,-4.6,0.447
L13959,South Africa,CRS-013,1.8,0.595,-1.8,0.778
L10758,South Africa,CRS-014,1.9,0.560,1.5,0.438
L14179,Egypt,CRS-015,20.0,0.430,12.8,0.835
L12091,Egypt,CRS-004,3.8,0.916,-14.3,0.728
L12120,Egypt,CRS-006,16.5,0.919,-31.0,0.595
L12262,South Africa,CRS-013,2.6,0.674,-9.7,0.667
L11336,South Africa,CRS-007,10.4,0.706,1.6,0.666
L11101,Egypt,CRS-015,9.1,0.818,-3.1,0.903
L14574,South Africa,CRS-012,2.0,0.836,-22.9,0.912
L13999,South Africa,CRS-009,25.4,0.475,-16.6,0.660
L14096,Egypt,CRS-012,12.3,0.822,-48.7,0.821
L10284,South Africa,CRS-009,12.4,0.647,17.3,0.669
L13717,South Africa,CRS-011,0.2,0.264,10.0,0.879
L13811,Egypt,CRS-008,10.8,0.896,-1.5,0.845
L14514,Egypt,CRS-012,5.0,0.835,5.9,0.684
L15293,South Africa,CRS-003,22.1,0.628,17.8,0.901
L12286,South Africa,CRS-010,13.9,0.953,-23.5,0.711
L11213,South Africa,CRS-009,9.1,0.954,-16.6,0.782
L10846,South Africa,CRS-003,0.3,0.799,-13.5,0.720
L10868,South Africa,CRS-007,16.6,0.846,-26.7,0.554
L11114,Egypt,CRS-005,6.2,0.839,6.4,0.681
L14784,South Africa,CRS-005,3.1,0.536,2.0,0.928
L11303,Egypt,CRS-014,12.4,0.903,8.7,0.745
L13146,Egypt,CRS-015,2.0,0.770,-24.6,0.562
L10262,Egypt,CRS-001,5.0,0.407,2.9,0.802
L14125,Egypt,CRS-004,8.6,0.915,-5.4,0.773
L15237,South Africa,CRS-009,5.3,0.570,-10.3,0.660
L14454,Egypt,CRS-003,1.0,0.882,-14.1,0.773
L13353,Egypt,CRS-012,7.5,0.913,-45.7,0.810
L13270,Egypt,CRS-006,7.2,0.531,28.4,0.256
L10228,South Africa,CRS-001,2.4,0.845,-0.8,0.774
L14132,Egypt,CRS-006,4.4,0.683,5.8,0.797
L13044,Egypt,CRS-009,1.2,0.191,-18.9,0.626
L14166,Egypt,CRS-007,11.4,0.956,5.4,0.486
L14022,South Africa,CRS-010,2.8,0.810,-1.7,0.950
L12321,Egypt,CRS-007,4.2,0.977,15.3,0.652
L13284,Egypt,CRS-008,0.4,0.622,-9.8,0.778
L14758,Egypt,CRS-015,3.0,0.829,-7.8,0.722
L14620,South Africa,CRS-003,5.5,0.526,8.3,0.816
L11110,Egypt,CRS-010,1.5,0.773,4.4,0.554
L13364,South Africa,CRS-013,1.3,0.702,20.3,0.386
L12823,South Africa,CRS-004,1.5,0.766,4.9,0.713
L11115,South Africa,CRS-015,10.6,0.378,17.3,0.302
L11219,Egypt,CRS-013,21.7,0.819,9.7,0.507
L11823,Egypt,CRS-006,1.8,0.931,-3.8,0.943
L11830,South Africa,CRS-008,0.8,0.749,-2.3,0.777
L12240,South Africa,CRS-007,3.1,0.842,0.7,0.919
L10315,Egypt,CRS-010,5.5,0.722,-32.4,0.821
L14058,South Africa,CRS-011,13.0,0.648,-6.2,0.133
L15058,South Africa,CRS-013,2.3,0.874,10.5,0.666
L14724,South Africa,CRS-003,2.7,0.161,-7.2,0.760
L11108,South Africa,CRS-007,1.4,0.703,4.9,0.717
L11879,South Africa,CRS-013,6.9,0.595,-9.3,0.364
L10912,Egypt,CRS-014,13.8,0.779,-1.6,0.744
L11562,Egypt,CRS-008,6.2,0.811,-35.6,0.872
L11309,Egypt,CRS-006,7.8,0.353,6.6,0.815
L10716,South Africa,CRS-013,4.7,0.717,1.7,0.405
L13689,Egypt,CRS-014,23.7,0.763,9.2,0.925
L11736,South Africa,CRS-004,4.2,0.297,12.3,0.871
L10014,Egypt,CRS-011,2.4,0.872,25.3,0.771
L11816,South Africa,CRS-014,6.9,0.827,7.6,0.524
L14867,Egypt,CRS-008,2.4,0.723,-3.0,0.712
L11053,Egypt,CRS-001,1.6,0.979,6.1,0.924
L14861,South Africa,CRS-004,0.4,0.710,-16.6,0.813
L13891,South Africa,CRS-012,10.1,0.673,6.6,0.498
L11468,South Africa,CRS-005,8.3,0.797,-21.4,0.842
L13909,Egypt,CRS-011,2.4,0.661,-16.6,0.598
L14664,South Africa,CRS-014,0.1,0.720,1.0,0.867
L12512,South Africa,CRS-004,2.1,0.715,-23.9,0.642
L10175,South Africa,CRS-004,5.0,0.788,-11.4,0.370
L11262,Egypt,CRS-011,0.3,0.978,9.8,0.716
L10766,South Africa,CRS-015,15.9,0.546,9.6,0.780
L15062,Egypt,CRS-015,2.0,0.880,12.1,0.723
L13277,Egypt,CRS-012,11.2,0.854,-1.8,0.748
L10954,Egypt,CRS-008,30.2,0.848,6.8,0.554
L10403,South Africa,CRS-001,5.7,0.806,6.4,0.468
L12439,South Africa,CRS-003,3.3,0.561,-9.2,0.569
L11441,Egypt,CRS-001,58.1,0.854,0.6,0.628
L11475,Egypt,CRS-007,15.4,0.689,-14.3,0.927
L10372,South Africa,CRS-010,2.6,0.731,8.9,0.863
L12678,South Africa,CRS-010,6.1,0.797,-10.2,0.821
L10588,South Africa,CRS-005,2.2,0.757,-22.1,0.839
L11152,South Africa,CRS-004,4.6,0.760,11.4,0.709
L11923,Egypt,CRS-012,23.5,0.713,13.0,0.438
L13970,Egypt,CRS-001,1.4,0.706,-16.6,0.863
L11973,South Africa,CRS-003,6.7,0.363,-7.1,0.677
L13935,Egypt,CRS-011,3.5,0.762,10.5,0.754
L13052,Egypt,CRS-002,7.8,0.656,-11.1,0.442
L10168,South Africa,CRS-006,0.6,0.638,2.1,0.542
L15200,Egypt,CRS-013,3.0,0.829,-22.5,0.944
L13532,South Africa,CRS-001,1.9,0.293,-17.7,0.530
L10143,Egypt,CRS-003,16.7,0.505,1.7,0.660
L12973,South Africa,CRS-010,37.3,0.794,23.4,0.658
L11708,Egypt,CRS-006,0.5,0.557,10.5,0.649
L11259,Egypt,CRS-007,8.7,0.897,5.7,0.710
L14528,South Africa,CRS-001,4.1,0.770,11.2,0.764
L10220,Egypt,CRS-006,31.0,0.400,-2.6,0.664
L15325,Egypt,CRS-014,10.8,0.966,-3.1,0.885
L14949,South Africa,CRS-012,6.9,0.535,-2.8,0.739
L11864,Egypt,CRS-001,12.0,0.128,15.6,0.758
L12183,Egypt,CRS-001,5.3,0.979,-9.6,0.826
L12534,Egypt,CRS-012,10.2,0.672,-4.5,0.826
L10826,Egypt,CRS-003,7.4,0.559,-30.4,0.328
L10881,Egypt,CRS-002,0.6,0.880,7.1,0.980
L12671,South Africa,CRS-009,6.6,0.612,5.5,0.573
L11277,Egypt,CRS-015,20.0,0.454,10.9,0.857
L12531,Egypt,CRS-008,10.5,0.782,-3.0,0.624
L12694,Egypt,CRS-012,4.1,0.678,-2.2,0.834
L11503,South Africa,CRS-011,0.6,0.661,-29.5,0.702
L15241,South Africa,CRS-004,23.4,0.698,4.5,0.766
L14197,South Africa,CRS-009,1.5,0.917,6.5,0.647
L12490,South Africa,CRS-014,3.0,0.603,7.4,0.780
L10443,Egypt,CRS-011,10.7,0.650,8.8,0.811
L12342,Egypt,CRS-009,1.7,0.952,14.0,0.642
L11432,South Africa,CRS-007,0.7,0.925,-11.5,0.718
L10997,Egypt,CRS-006,31.6,0.795,-20.3,0.778
L12442,Egypt,CRS-013,4.6,0.937,14.2,0.614
L10012,Egypt,CRS-005,4.1,0.679,4.4,0.715
L12713,South Africa,CRS-011,5.3,0.799,-4.1,0.615
L12100,South Africa,CRS-008,0.8,0.663,3.5,0.870
L11897,Egypt,CRS-004,2.5,0.853,18.6,0.764
L14342,Egypt,CRS-009,21.8,0.453,13.1,0.546
L12020,Egypt,CRS-015,12.1,0.721,-17.6,0.930
L15287,Egypt,CRS-009,1.9,0.875,-4.0,0.413
L11120,South Africa,CRS-007,1.5,0.755,-4.4,0.351
L14769,South Africa,CRS-002,31.5,0.908,-5.6,0.324
L14750,Egypt,CRS-009,11.2,0.662,15.9,0.907
L10026,South Africa,CRS-007,6.3,0.981,1.8,0.652
L12682,Egypt,CRS-012,19.6,0.973,8.9,0.775
L13431,Egypt,CRS-008,5.4,0.652,-12.7,0.835
L11433,South Africa,CRS-010,6.7,0.877,-8.5,0.818
L12372,South Africa,CRS-008,9.4,0.520,4.5,0.803
L13784,Egypt,CRS-006,2.7,0.397,14.5,0.831
L14614,South Africa,CRS-007,9.9,0.767,19.7,0.684
L10194,Egypt,CRS-003,4.1,0.718,8.6,0.579
L12821,Egypt,CRS-003,3.4,0.864,-20.2,0.844
L11977,South Africa,CRS-010,38.1,0.676,4.0,0.818
L15330,Egypt,CRS-006,0.5,0.507,-20.9,0.827
L12256,Egypt,CRS-007,0.0,0.559,4.3,0.810
L15188,South Africa,CRS-012,12.5,0.751,2.2,0.385
L11953,Egypt,CRS-010,9.8,0.964,8.7,0.836
L10221,South Africa,CRS-011,2.4,0.782,-14.1,0.644
L12028,Egypt,CRS-013,0.4,0.473,-5.9,0.613
L15014,Egypt,CRS-015,0.7,0.422,13.4,0.757
L12636,Egypt,CRS-009,16.6,0.941,-2.4,0.786
L11063,South Africa,CRS-011,15.8,0.145,-13.9,0.642
L13007,South Africa,CRS-006,21.3,0.337,-22.1,0.860
L15005,South Africa,CRS-008,0.0,0.768,-11.6,0.905
L14143,Egypt,CRS-009,3.1,0.595,28.8,0.468
L13331,South Africa,CRS-001,1.9,0.842,26.8,0.386
L15157,South Africa,CRS-015,2.7,0.495,16.2,0.867
L15257,South Africa,CRS-015,5.5,0.614,-40.4,0.672
L14989,Egypt,CRS-003,12.7,0.696,-6.8,0.676
L14397,South Africa,CRS-006,5.2,0.804,6.3,0.663
L13813,South Africa,CRS-002,7.5,0.785,-6.0,0.860
L14827,South Africa,CRS-002,18.6,0.702,-2.1,0.858
L10957,Egypt,CRS-012,20.2,0.728,8.6,0.919
L13099,Egypt,CRS-008,0.3,0.693,-1.1,0.658
L14768,South Africa,CRS-006,1.9,0.905,1.6,0.997
L10457,South Africa,CRS-004,12.3,0.435,1.0,0.398
L14743,Egypt,CRS-013,17.2,0.781,12.3,0.702
L12118,Egypt,CRS-006,3.6,0.710,-11.7,0.850
L10584,Egypt,CRS-012,6.7,0.609,-1.9,0.670
L14369,South Africa,CRS-001,3.5,0.670,-17.2,0.884
L13025,Egypt,CRS-012,7.2,0.497,12.7,0.787
L12640,South Africa,CRS-002,3.2,0.807,5.9,0.562
L10506,Egypt,CRS-008,1.9,0.298,-37.4,0.898
L13802,South Africa,CRS-003,1.1,0.822,-12.4,0.518
L10541,South Africa,CRS-001,0.0,0.914,36.7,0.772
L12557,Egypt,CRS-009,40.1,0.645,6.6,0.853
L15018,Egypt,CRS-011,12.1,0.390,-1.6,0.863
L14575,Egypt,CRS-013,12.6,0.886,11.7,0.736
L11311,Egypt,CRS-010,7.2,0.421,-0.1,0.763
L11203,Egypt,CRS-009,10.6,0.754,-15.1,0.677
L14440,Egypt,CRS-015,11.9,0.665,21.6,0.928
L12856,Egypt,CRS-004,0.1,0.800,-5.6,0.685
L13654,Egypt,CRS-013,4.9,0.755,14.3,0.728
L14069,South Africa,CRS-014,2.8,0.867,-2.3,0.766
L13683,South Africa,CRS-003,3.0,0.837,-4.2,0.596
L14946,South Africa,CRS-007,0.1,0.756,6.5,0.816
L11529,Egypt,CRS-004,10.8,0.929,-11.6,0.838
L10416,Egypt,CRS-006,1.7,0.879,13.6,0.806
L11960,Egypt,CRS-001,5.9,0.276,-9.0,0.851
L12631,South Africa,CRS-015,2.6,0.791,11.2,0.817
L13306,South Africa,CRS-010,14.2,0.739,22.3,0.844
L13949,Egypt,CRS-007,18.5,0.678,7.1,0.867
L12524,South Africa,CRS-008,1.4,0.780,10.4,0.483
L10352,South Africa,CRS-013,23.8,0.766,-0.4,0.828
L12778,South Africa,CRS-005,3.1,0.498,13.1,0.878
L11776,South Africa,CRS-012,7.4,0.728,-5.9,0.831
L15151,South Africa,CRS-006,3.5,0.794,-1.1,0.933
L11734,South Africa,CRS-009,14.6,0.872,-3.3,0.833
L14651,Egypt,CRS-006,2.2,0.413,5.8,0.638
L10966,South Africa,CRS-006,19.7,0.257,-5.2,0.938
L10210,South Africa,CRS-004,0.5,0.810,10.9,0.892
L12984,South Africa,CRS-005,6.1,0.588,-9.3,0.760
L14278,Egypt,CRS-013,10.5,0.877,-4.2,0.778
L13457,South Africa,CRS-005,4.8,0.451,-21.3,0.675
L14802,South Africa,CRS-010,8.7,0.543,11.8,0.829
L12691,Egypt,CRS-012,16.9,0.888,-8.8,0.914
L13407,South Africa,CRS-004,12.8,0.787,-14.4,0.792
L14486,South Africa,CRS-004,14.5,0.253,-47.0,0.527
L13537,Egypt,CRS-012,20.9,0.846,-13.5,0.726
L11057,South Africa,CRS-012,5.4,0.769,11.6,0.520
L13212,Egypt,CRS-012,1.6,0.931,29.8,0.689
L14072,Egypt,CRS-012,2.5,0.806,-7.5,0.376
L13927,Egypt,CRS-007,4.8,0.844,20.7,0.587
L10091,South Africa,CRS-002,32.5,0.872,7.5,0.470
L12960,South Africa,CRS-004,9.9,0.660,6.7,0.809
L10720,South Africa,CRS-011,1.1,0.762,19.2,0.686
L12078,South Africa,CRS-007,1.0,0.952,8.0,0.792
L12467,Egypt,CRS-007,2.4,0.499,12.4,0.369
L11038,Egypt,CRS-010,6.8,0.865,-7.5,0.809
L11690,South Africa,CRS-010,25.7,0.242,-3.6,0.924
L11665,South Africa,CRS-007,0.4,0.749,11.1,0.537
L15303,Egypt,CRS-006,1.8,0.758,-5.7,0.955
L10845,Egypt,CRS-002,0.1,0.803,16.9,0.817
L13165,Egypt,CRS-004,7.2,0.736,-6.9,0.694
L12475,South Africa,CRS-009,2.4,0.562,3.8,0.746
L14451,South Africa,CRS-006,20.3,0.911,9.1,0.514
L15236,South Africa,CRS-013,1.4,0.530,1.2,0.591
L14730,South Africa,CRS-011,0.9,0.962,-0.1,0.843
L10452,Egypt,CRS-014,1.2,0.277,1.7,0.705
L13735,South Africa,CRS-001,13.8,0.887,-16.6,0.829
L11103,South Africa,CRS-011,3.4,0.649,-0.2,0.588
L12616,South Africa,CRS-010,1.6,0.927,0.7,0.444
L12581,South Africa,CRS-013,2.0,0.502,-4.0,0.690
L11175,South Africa,CRS-010,28.4,0.599,14.3,0.474
L11159,South Africa,CRS-004,4.4,0.738,11.1,0.862
L11962,Egypt,CRS-009,4.1,0.786,5.4,0.414
L10536,Egypt,CRS-005,1.3,0.813,-28.1,0.895
L14595,Egypt,CRS-012,41.7,0.803,-2.0,0.821
L15302,South Africa,CRS-009,22.2,0.335,3.3,0.581
L13028,South Africa,CRS-001,1.7,0.391,9.1,0.948
L11095,South Africa,CRS-015,34.0,0.366,-6.9,0.891
L11246,Egypt,CRS-013,7.3,0.715,-50.0,0.559
L12904,South Africa,CRS-008,45.0,0.521,-6.0,0.459
L11801,Egypt,CRS-001,3.8,0.770,24.3,0.498
L13039,Egypt,CRS-001,18.5,0.672,-12.5,0.905
L11581,Egypt,CRS-004,1.1,0.579,6.3,0.862
L15056,Egypt,CRS-011,1.1,0.520,8.4,0.620
L10708,South Africa,CRS-009,7.6,0.643,-34.5,0.874
L12275,South Africa,CRS-012,19.3,0.666,-4.8,0.848
L11745,South Africa,CRS-015,4.1,0.625,0.6,0.419
L11873,Egypt,CRS-009,4.7,0.889,13.2,0.785
L15373,South Africa,CRS-014,1.8,0.809,1.9,0.850
L10731,Egypt,CRS-012,6.1,0.953,15.6,0.741
L13261,Egypt,CRS-015,44.2,0.219,-0.4,0.741
L15132,South Africa,CRS-001,4.5,0.814,-10.6,0.711
L11122,Egypt,CRS-012,18.0,0.590,14.0,0.617
L15016,South Africa,CRS-006,0.8,0.620,-4.5,0.871
L14443,Egypt,CRS-006,57.3,0.472,-42.5,0.402
L10360,South Africa,CRS-015,57.3,0.879,0.3,0.705
L15202,South Africa,CRS-013,2.3,0.849,-1.5,0.596
L10471,South Africa,CRS-009,6.4,0.867,1.7,0.726
L12633,Egypt,CRS-011,0.9,0.790,-11.2,0.697
L13150,South Africa,CRS-012,4.3,0.856,5.4,0.678
L11078,South Africa,CRS-013,10.5,0.923,-15.2,0.788
L12578,South Africa,CRS-006,0.8,0.741,-2.7,0.778
L11307,Egypt,CRS-009,25.6,0.888,-16.8,0.445
L15255,South Africa,CRS-013,21.2,0.292,7.0,0.516
L12714,Egypt,CRS-012,4.8,0.942,-10.2,0.531
L14313,South Africa,CRS-009,0.6,0.679,-29.7,0.707
L14435,Egypt,CRS-003,0.0,0.414,-11.2,0.817
L14331,South Africa,CRS-004,11.1,0.607,-2.6,0.687
L11335,Egypt,CRS-001,16.4,0.596,9.8,0.860
L12407,South Africa,CRS-010,3.5,0.558,3.2,0.866
L14551,Egypt,CRS-013,10.4,0.707,-12.1,0.712
L15042,Egypt,CRS-015,0.8,0.495,10.2,0.693
L10364,Egypt,CRS-014,5.8,0.278,-15.2,0.801
L13852,Egypt,CRS-001,6.0,0.248,6.7,0.756
L14051,Egypt,CRS-010,51.8,0.779,4.8,0.485
L11661,Egypt,CRS-003,1.5,0.535,1.5,0.928
L14652,South Africa,CRS-007,1.0,0.785,-4.2,0.886
L13815,Egypt,CRS-012,3.8,0.715,-3.1,0.699
L12047,South Africa,CRS-014,15.9,0.805,5.9,0.835
L10451,South Africa,CRS-010,1.8,0.415,-11.2,0.689
L12514,South Africa,CRS-010,7.7,0.610,-30.2,0.567
L15121,Egypt,CRS-007,3.4,0.768,4.4,0.737
L10295,South Africa,CRS-002,4.6,0.481,-11.4,0.461
L13282,South Africa,CRS-006,7.8,0.703,-19.3,0.743
L10659,South Africa,CRS-012,3.0,0.215,1.4,0.714
L10098,South Africa,CRS-009,5.2,0.677,-18.2,0.683
L14459,South Africa,CRS-003,3.4,0.560,2.3,0.857
L12522,Egypt,CRS-006,11.9,0.863,18.4,0.386
L15009,Egypt,CRS-003,6.4,0.721,-10.9,0.801
L14683,Egypt,CRS-014,1.9,0.629,-2.2,0.946
L12905,South Africa,CRS-005,4.6,0.885,-3.6,0.525
L10973,Egypt,CRS-003,25.0,0.667,3.2,0.812
L14748,Egypt,CRS-003,14.7,0.814,-2.9,0.495
L10827,South Africa,CRS-006,9.5,0.835,-3.0,0.814
L11330,Egypt,CRS-006,3.2,0.873,1.6,0.161
L14502,South Africa,CRS-007,15.1,0.628,-23.4,0.812
L12171,Egypt,CRS-013,15.5,0.808,35.7,0.939
L13528,Egypt,CRS-005,7.3,0.754,-22.9,0.655
L13446,South Africa,CRS-004,8.6,0.643,-12.8,0.871
L13648,Egypt,CRS-009,2.9,0.750,-10.6,0.757
L12802,South Africa,CRS-009,1.1,0.752,-12.0,0.613
L14578,South Africa,CRS-010,2.8,0.880,-8.1,0.653
L11014,Egypt,CRS-007,42.1,0.805,7.8,0.640
L10070,Egypt,CRS-015,9.9,0.407,6.0,0.812
L10104,Egypt,CRS-009,5.5,0.746,6.6,0.986
L14049,South Africa,CRS-003,2.3,0.442,-4.2,0.671
L15002,South Africa,CRS-011,0.7,0.646,-2.4,0.538
L12243,South Africa,CRS-007,7.5,0.385,23.2,0.715
L10154,South Africa,CRS-012,9.0,0.792,-45.5,0.812
L11616,Egypt,CRS-015,8.5,0.486,11.2,0.828
L13559,South Africa,CRS-011,3.9,0.944,1.8,0.690
L13142,South Africa,CRS-011,35.6,0.397,14.8,0.882
L12258,Egypt,CRS-011,13.6,0.976,-2.1,0.817
L13045,South Africa,CRS-014,19.9,0.973,13.5,0.789
L12900,South Africa,CRS-005,34.0,0.855,18.1,0.815
L13790,Egypt,CRS-002,1.2,0.775,-3.6,0.633
L10713,Egypt,CRS-006,14.8,0.337,2.9,0.506
L13552,Egypt,CRS-003,12.5,0.834,0.5,0.324
L12045,South Africa,CRS-002,36.6,0.630,-13.1,0.889
L11202,Egypt,CRS-007,6.1,0.827,2.5,0.716
L14172,South Africa,CRS-005,1.7,0.764,4.4,0.625
L12455,Egypt,CRS-009,7.1,0.601,-32.2,0.603
L11318,Egypt,CRS-012,2.8,0.639,-21.0,0.860
L12936,Egypt,CRS-006,24.8,0.867,-1.0,0.494
L14698,Egypt,CRS-012,7.7,0.760,11.0,0.844
L12336,South Africa,CRS-010,8.0,0.728,-12.3,0.763
L14694,South Africa,CRS-014,2.7,0.346,16.2,0.653
L15251,South Africa,CRS-010,0.0,0.648,9.3,0.779
L11340,South Africa,CRS-010,7.7,0.933,-8.1,0.899
L12644,Egypt,CRS-002,0.3,0.612,6.7,0.846
L14545,Egypt,CRS-014,2.5,0.710,-6.3,0.758
L12004,Egypt,CRS-005,0.4,0.638,-2.1,0.879
L10045,South Africa,CRS-010,14.1,0.688,3.2,0.676
L12057,South Africa,CRS-013,7.5,0.358,11.0,0.904
L12071,South Africa,CRS-005,14.9,0.911,5.3,0.674
L12093,Egypt,CRS-008,0.7,0.311,-11.2,0.949
L12832,Egypt,CRS-002,1.2,0.688,-30.5,0.915
L12873,South Africa,CRS-001,7.3,0.730,-8.5,0.697
L14770,South Africa,CRS-015,3.6,0.819,-2.2,0.656
L10454,Egypt,CRS-007,53.8,0.606,-2.7,0.664
L15357,South Africa,CRS-003,3.2,0.690,7.7,0.680
L13334,South Africa,CRS-007,0.1,0.496,8.3,0.494
L14268,South Africa,CRS-015,3.0,0.600,13.6,0.646
L11207,South Africa,CRS-009,15.3,0.812,20.3,0.691
L11249,Egypt,CRS-005,21.3,0.640,-10.2,0.689
L11044,Egypt,CRS-003,8.9,0.569,-4.3,0.485
L12679,South Africa,CRS-009,1.7,0.551,3.3,0.965
L15318,South Africa,CRS-002,4.6,0.910,-10.2,0.875
L12367,South Africa,CRS-001,10.1,0.373,13.3,0.928
L13302,Egypt,CRS-011,0.9,0.667,3.8,0.706
L10770,South Africa,CRS-006,3.9,0.802,-10.4,0.840
L15317,Egypt,CRS-007,2.9,0.869,18.4,0.449
L10283,Egypt,CRS-010,12.5,0.615,5.5,0.890
L13464,Egypt,CRS-003,1.1,0.881,-1.5,0.892
L15341,South Africa,CRS-010,7.7,0.605,-5.8,0.814
L11926,South Africa,CRS-009,5.3,0.832,-1.1,0.222
L10367,South Africa,CRS-007,1.3,0.619,13.2,0.541
L11703,Egypt,CRS-011,4.0,0.715,-11.5,0.790
L14378,South Africa,CRS-015,7.0,0.448,12.6,0.529
L11199,Egypt,CRS-013,0.2,0.613,28.5,0.868
L12083,South Africa,CRS-006,14.3,0.751,-19.1,0.225
L13679,Egypt,CRS-010,17.4,0.736,-47.2,0.602
L14818,Egypt,CRS-005,4.4,0.479,-5.2,0.771
L14505,South Africa,CRS-007,0.3,0.865,-30.1,0.420
L10653,Egypt,CRS-004,4.0,0.840,14.8,0.926
L10245,South Africa,CRS-001,10.1,0.882,2.5,0.448
L12945,South Africa,CRS-006,0.9,0.778,27.1,0.786
L10165,South Africa,CRS-002,35.5,0.714,-16.4,0.652
L12579,South Africa,CRS-001,5.3,0.684,-7.6,0.555
L11005,Egypt,CRS-014,4.5,0.496,2.7,0.875
L12962,Egypt,CRS-004,21.8,0.498,22.6,0.865
L13198,Egypt,CRS-006,31.0,0.765,-12.2,0.630
L12252,South Africa,CRS-003,9.2,0.159,-21.1,0.290
L13809,Egypt,CRS-010,9.3,0.608,8.1,0.752
L14984,Egypt,CRS-009,2.3,0.580,4.3,0.488
L14985,Egypt,CRS-008,59.3,0.623,17.8,0.824
L12368,South Africa,CRS-001,11.6,0.957,-3.4,0.881
L13719,South Africa,CRS-012,1.4,0.473,13.1,0.635
L10936,Egypt,CRS-007,23.6,0.496,-1.2,0.840
L10948,Egypt,CRS-002,15.8,0.815,1.2,0.706
L10998,South Africa,CRS-009,0.3,0.840,-1.2,0.803
L14737,South Africa,CRS-013,5.9,0.258,1.1,0.390
L11317,Egypt,CRS-011,45.9,0.192,4.5,0.780
L11875,South Africa,CRS-010,10.7,0.638,19.8,0.839
L10513,South Africa,CRS-002,8.6,0.822,20.9,0.431
L13225,South Africa,CRS-012,4.9,0.832,10.8,0.519
L14669,Egypt,CRS-001,8.0,0.764,-4.0,0.806
L11946,South Africa,CRS-004,2.1,0.618,-7.0,0.830
L10071,Egypt,CRS-014,19.5,0.716,-21.8,0.750
L13950,South Africa,CRS-005,8.8,0.749,5.9,0.769
L12608,Egypt,CRS-010,18.7,0.794,2.7,0.646
L13647,South Africa,CRS-012,12.1,0.926,-5.1,0.641
L11948,South Africa,CRS-009,10.2,0.756,5.8,0.565
L11899,South Africa,CRS-009,4.4,0.721,1.4,0.511
L10204,South Africa,CRS-010,1.6,0.784,-11.5,0.862
L14883,South Africa,CRS-013,32.5,0.382,-3.1,0.759
L10250,Egypt,CRS-011,3.3,0.615,-13.9,0.659
L15207,South Africa,CRS-004,5.0,0.450,-18.5,0.738
L13857,Egypt,CRS-004,4.0,0.803,0.3,0.555
L14939,South Africa,CRS-001,14.4,0.720,-3.8,0.922
L13012,Egypt,CRS-012,4.0,0.614,0.0,0.612
L10678,South Africa,CRS-008,3.9,0.727,3.2,0.784
L12819,South Africa,CRS-008,6.3,0.322,12.4,0.618
L11493,Egypt,CRS-014,2.9,0.404,10.4,0.817
L11157,Egypt,CRS-002,0.3,0.815,-11.2,0.865
L13609,South Africa,CRS-004,13.5,0.954,-8.4,0.632
L10606,South Africa,CRS-009,9.6,0.807,6.5,0.638
L11567,South Africa,CRS-012,6.3,0.571,1.6,0.602
L14216,Egypt,CRS-015,7.8,0.434,5.4,0.540
L12562,Egypt,CRS-008,1.9,0.296,-29.8,0.416
L10341,South Africa,CRS-003,6.1,0.847,-10.0,0.754
L12970,South Africa,CRS-012,15.6,0.795,7.0,0.285
L15025,Egypt,CRS-011,5.6,0.369,-6.9,0.116
L11609,South Africa,CRS-015,4.7,0.973,-5.4,0.694
L12635,South Africa,CRS-015,10.3,0.826,5.3,0.502
L12296,South Africa,CRS-012,35.6,0.895,8.2,0.733
L10613,South Africa,CRS-003,5.2,0.849,1.7,0.876
L11746,South Africa,CRS-011,2.6,0.716,-3.6,0.664
L11802,South Africa,CRS-013,4.7,0.733,-6.4,0.565
L13583,Egypt,CRS-011,19.8,0.829,3.8,0.754
L13125,South Africa,CRS-007,10.5,0.694,-28.0,0.637
L12781,Egypt,CRS-009,0.7,0.838,-5.1,0.886
L10090,Egypt,CRS-004,10.9,0.689,9.4,0.565
L11534,Egypt,CRS-003,25.1,0.943,-2.6,0.869
L14975,Egypt,CRS-001,24.7,0.611,-4.1,0.940
L11332,Egypt,CRS-003,41.7,0.580,-9.4,0.487
L11619,South Africa,CRS-013,7.1,0.799,1.2,0.464
L11895,Egypt,CRS-014,2.3,0.790,16.0,0.604
L12813,Egypt,CRS-013,7.9,0.752,-0.4,0.755
L10328,South Africa,CRS-005,6.3,0.570,12.8,0.800
L14898,Egypt,CRS-012,8.7,0.685,11.9,0.810
L10350,Egypt,CRS-011,6.6,0.594,-11.9,0.771
L13359,Egypt,CRS-006,34.0,0.906,-25.0,0.530
L13603,Egypt,CRS-009,3.4,0.528,26.5,0.817
L13684,Egypt,CRS-005,12.4,0.867,-21.1,0.829
L13779,Egypt,CRS-010,1.0,0.775,-12.7,0.300
L12267,South Africa,CRS-008,23.7,0.451,7.3,0.556
L11599,South Africa,CRS-006,5.6,0.962,4.6,0.421
L14155,Egypt,CRS-001,11.2,0.870,6.3,0.919
L12650,Egypt,CRS-013,4.2,0.532,23.4,0.291
L13448,South Africa,CRS-008,7.8,0.832,-8.1,0.658
L13362,Egypt,CRS-012,4.8,0.734,-14.3,0.570
L14098,Egypt,CRS-010,10.6,0.909,-14.9,0.510
L15266,South Africa,CRS-015,0.3,0.902,-24.2,0.667
L14805,Egypt,CRS-009,20.7,0.959,5.9,0.320
L10958,South Africa,CRS-005,12.8,0.600,-6.4,0.451
L14250,South Africa,CRS-001,4.8,0.691,-32.0,0.836
L12114,South Africa,CRS-011,12.1,0.958,-1.7,0.693
L10258,Egypt,CRS-008,6.0,0.881,15.5,0.661
L13155,Egypt,CRS-003,0.2,0.742,-1.8,0.516
L12520,South Africa,CRS-013,10.1,0.593,7.3,0.621
L12012,South Africa,CRS-002,27.2,0.854,6.7,0.701
L10646,Egypt,CRS-009,1.2,0.917,-0.5,0.433
L10085,Egypt,CRS-003,10.7,0.429,5.7,0.642
L12927,Egypt,CRS-013,5.3,0.792,-4.6,0.860
L13206,South Africa,CRS-001,3.8,0.658,-2.8,0.845
L15105,Egypt,CRS-010,5.8,0.760,2.5,0.606
L12164,South Africa,CRS-003,10.4,0.733,0.1,0.644
L10153,Egypt,CRS-006,11.0,0.711,25.9,0.743
L11657,Egypt,CRS-015,14.2,0.765,-13.7,0.850
L11054,Egypt,CRS-013,21.5,0.622,10.1,0.832
L13760,South Africa,CRS-015,3.7,0.818,3.9,0.566
L10787,South Africa,CRS-007,19.4,0.827,-15.7,0.484
L15168,Egypt,CRS-004,8.2,0.766,15.5,0.789
L11996,Egypt,CRS-007,2.2,0.838,-2.8,0.713
L10687,Egypt,CRS-008,39.1,0.836,0.1,0.674
L15116,Egypt,CRS-004,0.8,0.813,-43.3,0.664
L10693,South Africa,CRS-010,2.8,0.739,6.7,0.718
L12843,Egypt,CRS-013,0.7,0.876,-12.8,0.685
L12434,Egypt,CRS-008,1.5,0.325,-27.4,0.764
L13958,South Africa,CRS-005,10.4,0.636,-4.4,0.716
L13002,South Africa,CRS-007,4.2,0.980,16.5,0.665
L15285,South Africa,CRS-004,58.4,0.543,-5.4,0.681
L11291,Egypt,CRS-010,2.3,0.836,13.8,0.903
L11916,South Africa,CRS-001,4.2,0.126,19.9,0.537
L10594,Egypt,CRS-011,1.0,0.922,-5.6,0.717
L10482,Egypt,CRS-011,4.0,0.731,9.5,0.679
L13329,Egypt,CRS-008,3.6,0.399,4.6,0.709
L14920,South Africa,CRS-007,0.1,0.978,-4.8,0.748
L11940,South Africa,CRS-003,5.2,0.872,-7.1,0.758
L13594,Egypt,CRS-003,14.5,0.868,-6.4,0.759
L10686,Egypt,CRS-002,10.1,0.586,10.7,0.755
L14577,South Africa,CRS-008,2.8,0.685,4.9,0.944
L12191,South Africa,CRS-002,1.8,0.822,3.9,0.727
L10852,South Africa,CRS-001,41.0,0.619,18.6,0.492
L13534,South Africa,CRS-002,5.4,0.696,-14.6,0.483
L14344,South Africa,CRS-014,10.4,0.695,13.2,0.527
L14088,Egypt,CRS-014,1.4,0.974,-4.1,0.354
L12247,South Africa,CRS-014,0.4,0.708,6.3,0.936
L10638,South Africa,CRS-004,22.6,0.803,-9.4,0.679
L12248,South Africa,CRS-003,5.3,0.529,-12.6,0.836
L14915,South Africa,CRS-012,4.4,0.928,8.9,0.688
L10789,Egypt,CRS-014,1.0,0.384,-2.2,0.834
L13766,South Africa,CRS-014,1.6,0.789,-18.2,0.522
L15007,South Africa,CRS-004,12.5,0.643,-2.9,0.550
L12686,Egypt,CRS-006,9.9,0.652,-23.1,0.628
L11191,South Africa,CRS-010,0.1,0.481,4.9,0.560
L14416,Egypt,CRS-003,13.3,0.730,-22.0,0.713
L14800,South Africa,CRS-006,4.8,0.620,-1.2,0.661
L10688,Egypt,CRS-015,16.2,0.589,17.4,0.661
L10889,South Africa,CRS-015,5.6,0.628,24.8,0.893
L12817,Egypt,CRS-015,7.6,0.799,-2.3,0.798
L11269,Egypt,CRS-011,12.5,0.787,-11.3,0.913
L10917,South Africa,CRS-001,29.5,0.913,-16.0,0.799
L14477,South Africa,CRS-008,5.5,0.810,3.9,0.385
L10239,Egypt,CRS-001,38.8,0.571,-5.0,0.928
L13725,Egypt,CRS-013,0.8,0.599,6.3,0.879
L11598,Egypt,CRS-010,5.9,0.621,9.9,0.645
L11286,South Africa,CRS-012,2.1,0.682,26.2,0.607
L13181,South Africa,CRS-001,9.3,0.624,-6.0,0.656
L11892,Egypt,CRS-006,10.3,0.795,7.6,0.483
L10084,South Africa,CRS-012,10.9,0.636,2.1,0.847
L15067,Egypt,CRS-004,1.7,0.640,14.4,0.821
L11986,Egypt,CRS-001,1.8,0.785,16.7,0.874
L11034,South Africa,CRS-011,4.7,0.555,2.2,0.698
L13472,Egypt,CRS-004,14.6,0.929,-20.3,0.411
L13360,Egypt,CRS-015,0.8,0.713,-6.2,0.830
L11941,South Africa,CRS-005,5.7,0.859,8.1,0.149
L10413,South Africa,CRS-013,2.8,0.650,1.0,0.534
L13646,Egypt,CRS-010,21.7,0.687,-2.2,0.873
L13323,South Africa,CRS-006,22.4,0.760,9.6,0.800
L12829,South Africa,CRS-002,0.4,0.728,9.8,0.489
L13821,Egypt,CRS-013,5.9,0.447,8.7,0.874
L12043,Egypt,CRS-010,12.6,0.918,7.7,0.710
L10746,South Africa,CRS-013,1.5,0.430,15.6,0.920
L12613,Egypt,CRS-003,0.3,0.741,8.4,0.848
L10058,Egypt,CRS-014,2.2,0.485,-13.4,0.527
L14588,South Africa,CRS-013,4.4,0.968,1.1,0.924
L14126,South Africa,CRS-003,10.0,0.657,1.5,0.818
L13734,Egypt,CRS-001,10.2,0.560,-5.9,0.841
L13918,Egypt,CRS-014,4.1,0.816,0.1,0.783
L13410,South Africa,CRS-010,10.0,0.765,5.9,0.866
L14855,South Africa,CRS-001,0.7,0.596,14.9,0.825
L13253,Egypt,CRS-015,3.0,0.347,9.4,0.783
L11871,South Africa,CRS-012,3.4,0.323,27.6,0.125
L13047,Egypt,CRS-010,4.2,0.583,-1.0,0.319
L13530,South Africa,CRS-001,2.0,0.376,-14.6,0.611
L14938,Egypt,CRS-014,7.8,0.950,-1.3,0.671
L14411,Egypt,CRS-008,4.5,0.985,0.9,0.616
L15276,Egypt,CRS-011,16.9,0.796,-15.2,0.689
L13315,South Africa,CRS-006,1.8,0.694,-49.4,0.734
L12516,Egypt,CRS-005,6.2,0.669,-9.7,0.884
L14445,Egypt,CRS-007,18.2,0.836,15.9,0.795
L13957,Egypt,CRS-010,2.3,0.242,6.8,0.785
L14564,South Africa,CRS-008,13.1,0.874,-3.1,0.802
L10553,Egypt,CRS-008,12.8,0.763,-3.9,0.664
L12601,South Africa,CRS-013,7.5,0.658,4.3,0.696
L12048,South Africa,CRS-015,2.3,0.618,2.1,0.882
L14936,South Africa,CRS-008,11.2,0.815,-11.8,0.781
L12548,Egypt,CRS-015,10.9,0.836,17.3,0.671
L11934,Egypt,CRS-011,7.3,0.699,-18.5,0.900
L11204,South Africa,CRS-013,8.6,0.919,13.2,0.913
L11669,Egypt,CRS-009,2.5,0.847,6.6,0.620
L13896,Egypt,CRS-007,2.8,0.778,-7.1,0.307
L10146,Egypt,CRS-004,31.5,0.445,-14.1,0.892
L13641,Egypt,CRS-008,8.7,0.570,-10.3,0.778
L14903,South Africa,CRS-002,12.7,0.833,3.4,0.508
L11153,Egypt,CRS-011,5.4,0.635,-0.9,0.903
L12554,Egypt,CRS-007,5.8,0.815,-14.0,0.731
L13709,Egypt,CRS-015,9.7,0.895,20.9,0.450
L11972,Egypt,CRS-013,13.7,0.547,-1.9,0.824
L10788,Egypt,CRS-011,11.0,0.504,-1.9,0.919
L12212,South Africa,CRS-006,2.0,0.839,14.4,0.832
L13795,South Africa,CRS-012,49.0,0.161,-47.7,0.819
L12295,Egypt,CRS-007,5.4,0.568,-8.1,0.817
L13875,Egypt,CRS-006,6.5,0.883,15.2,0.424
L14160,South Africa,CRS-008,2.8,0.624,-4.2,0.743
L14690,Egypt,CRS-007,0.2,0.877,-17.2,0.107
L11403,Egypt,CRS-007,8.2,0.326,-5.8,0.706
L12032,Egypt,CRS-010,8.3,0.946,-8.5,0.692
L11437,Egypt,CRS-012,3.7,0.638,4.1,0.746
L13285,South Africa,CRS-003,13.4,0.943,-7.4,0.587
L13980,Egypt,CRS-010,9.8,0.820,-1.0,0.790
L10171,Egypt,CRS-001,5.8,0.558,6.6,0.836
L14437,Egypt,CRS-006,0.8,0.749,-0.5,0.143
L11454,Egypt,CRS-008,21.8,0.659,16.9,0.860
L15013,Egypt,CRS-015,0.6,0.450,6.4,0.595
L13541,South Africa,CRS-004,15.3,0.843,-0.6,0.308
L10294,Egypt,CRS-013,1.8,0.669,-2.1,0.838
L12027,South Africa,CRS-010,5.9,0.738,-12.6,0.826
L10615,South Africa,CRS-012,7.1,0.854,-11.4,0.473
L12957,South Africa,CRS-011,5.4,0.847,-36.6,0.730
L14836,Egypt,CRS-012,0.1,0.863,10.2,0.607
L14296,South Africa,CRS-012,24.3,0.693,-8.2,0.388
L14452,South Africa,CRS-014,9.6,0.495,-6.7,0.610
L11067,South Africa,CRS-002,15.3,0.214,2.4,0.495
L10487,South Africa,CRS-013,51.6,0.782,-26.0,0.322
L10460,Egypt,CRS-007,3.4,0.732,10.0,0.690
L14713,Egypt,CRS-001,2.0,0.563,-21.7,0.218
L14971,South Africa,CRS-007,4.2,0.949,-6.0,0.690
L11149,Egypt,CRS-013,15.3,0.895,5.8,0.659
L10110,Egypt,CRS-015,6.5,0.612,-4.3,0.903
L12943,Egypt,CRS-002,4.5,0.958,5.0,0.727
L11197,South Africa,CRS-011,3.2,0.378,21.6,0.765
L10800,South Africa,CRS-001,15.3,0.476,-9.7,0.591
L12972,South Africa,CRS-001,20.9,0.694,8.4,0.779
L10834,South Africa,CRS-005,8.4,0.594,20.5,0.817
L13412,Egypt,CRS-009,22.1,0.787,-29.4,0.634
L10103,South Africa,CRS-003,0.4,0.596,-5.6,0.121
L14171,Egypt,CRS-014,36.0,0.590,5.3,0.763
L14078,South Africa,CRS-001,1.4,0.406,-8.9,0.663
L13298,Egypt,CRS-011,1.7,0.882,-0.6,0.478
L11694,South Africa,CRS-009,5.4,0.775,-22.9,0.725
L14573,South Africa,CRS-015,0.1,0.714,7.7,0.712
L11090,Egypt,CRS-002,2.0,0.590,10.1,0.788
L10441,Egypt,CRS-015,1.7,0.959,4.8,0.638
L10464,South Africa,CRS-008,0.8,0.851,-1.6,0.737
L10706,Egypt,CRS-008,3.6,0.297,14.6,0.642
L14613,South Africa,CRS-013,1.4,0.615,-13.4,0.256
L13345,Egypt,CRS-004,1.3,0.682,11.3,0.560
L10805,Egypt,CRS-012,1.8,0.885,5.4,0.734
L10439,Egypt,CRS-003,7.9,0.499,12.9,0.582
L10376,South Africa,CRS-014,36.4,0.638,-8.9,0.679
L11593,South Africa,CRS-015,13.9,0.734,0.0,0.856
L13336,Egypt,CRS-010,53.0,0.544,14.2,0.232
L11052,Egypt,CRS-007,10.5,0.739,1.7,0.712
L10617,Egypt,CRS-009,4.2,0.660,-14.6,0.754
L11145,South Africa,CRS-002,1.4,0.303,10.1,0.869
L12231,South Africa,CRS-004,4.8,0.776,8.7,0.714
L12292,South Africa,CRS-003,16.8,0.856,-7.7,0.723
L10661,Egypt,CRS-015,5.0,0.574,-8.8,0.865
L13327,Egypt,CRS-005,16.8,0.760,10.9,0.387
L15171,South Africa,CRS-015,0.2,0.611,15.9,0.610
L13826,South Africa,CRS-015,23.7,0.909,11.9,0.697
L15030,Egypt,CRS-001,2.2,0.903,7.8,0.626
L11276,South Africa,CRS-012,0.5,0.685,-14.2,0.718
L14135,South Africa,CRS-012,29.0,0.632,16.3,0.474
L12666,Egypt,CRS-006,4.0,0.872,-13.3,0.363
L10635,Egypt,CRS-011,2.9,0.682,-8.7,0.713
L10837,South Africa,CRS-004,1.1,0.753,-11.9,0.874
L14953,Egypt,CRS-002,10.6,0.911,3.7,0.688
L11393,Egypt,CRS-009,18.7,0.885,30.0,0.872
L14047,South Africa,CRS-004,3.6,0.836,2.7,0.757
L11898,South Africa,CRS-009,0.4,0.844,-24.5,0.867
L13558,South Africa,CRS-002,4.5,0.667,-3.1,0.614
L12895,South Africa,CRS-005,3.5,0.877,-19.4,0.861
L15089,Egypt,CRS-003,0.5,0.672,-15.1,0.542
L12591,Egypt,CRS-006,4.7,0.885,-17.1,0.679
L10898,Egypt,CRS-010,0.7,0.609,2.3,0.601
L14201,Egypt,CRS-005,9.7,0.832,3.1,0.631
L11824,South Africa,CRS-005,9.0,0.704,-22.8,0.395
L13908,South Africa,CRS-007,7.4,0.580,9.0,0.838
L15250,Egypt,CRS-013,5.2,0.725,-21.4,0.954
L14889,South Africa,CRS-005,5.2,0.727,-21.3,0.598
L10994,South Africa,CRS-012,1.1,0.815,2.6,0.734
L10697,South Africa,CRS-001,2.8,0.626,-10.9,0.217
L11571,Egypt,CRS-006,0.5,0.665,-3.3,0.635
L10472,South Africa,CRS-012,0.0,0.466,-15.6,0.888
L11372,South Africa,CRS-004,5.4,0.678,-0.5,0.505
L14808,Egypt,CRS-011,15.3,0.161,16.2,0.807
L10458,Egypt,CRS-001,4.0,0.719,-9.7,0.749
L15071,Egypt,CRS-004,3.1,0.842,3.6,0.813
L11198,South Africa,CRS-003,20.5,0.269,-10.9,0.469
L11501,South Africa,CRS-006,8.4,0.755,7.6,0.457
L11496,Egypt,CRS-003,3.1,0.828,-11.7,0.638
L13009,South Africa,CRS-015,1.7,0.581,18.5,0.374
L10870,South Africa,CRS-001,6.1,0.678,5.5,0.667
L10494,Egypt,CRS-013,1.8,0.721,-14.7,0.872
L10858,South Africa,CRS-012,1.7,0.634,-7.9,0.621
L10292,Egypt,CRS-010,15.0,0.541,5.8,0.862
L11485,South Africa,CRS-013,1.8,0.642,-2.0,0.680
L11351,Egypt,CRS-002,19.8,0.156,5.0,0.365
L10838,South Africa,CRS-012,12.5,0.845,-17.8,0.557
L10574,Egypt,CRS-001,5.6,0.821,4.8,0.910
L13000,Egypt,CRS-003,2.6,0.731,21.8,0.891
L12017,Egypt,CRS-005,16.3,0.752,-6.3,0.650
L13810,Egypt,CRS-003,20.2,0.731,-2.4,0.764
L10163,South Africa,CRS-004,2.9,0.589,-6.8,0.820
L11762,South Africa,CRS-013,10.9,0.833,20.5,0.608
L13903,South Africa,CRS-011,16.4,0.287,-11.3,0.774
L15252,Egypt,CRS-010,12.0,0.280,8.4,0.330
L10662,Egypt,CRS-015,2.1,0.578,3.5,0.853
L10474,Egypt,CRS-001,0.5,0.674,8.0,0.676
L12270,Egypt,CRS-015,7.0,0.714,32.8,0.213
L10336,South Africa,CRS-014,24.6,0.969,-4.5,0.527
L14122,South Africa,CRS-006,1.0,0.908,-10.3,0.677
L13615,Egypt,CRS-003,0.9,0.884,10.6,0.705
L13390,Egypt,CRS-014,14.9,0.694,2.3,0.908
L12425,Egypt,CRS-002,2.0,0.782,-3.6,0.667
L12392,Egypt,CRS-012,1.9,0.672,-1.9,0.729
L14911,Egypt,CRS-001,25.2,0.588,-15.5,0.789
L12645,Egypt,CRS-002,6.9,0.381,-7.2,0.565
L12642,South Africa,CRS-006,8.4,0.682,-23.0,0.495
L11015,South Africa,CRS-008,14.6,0.774,1.5,0.619
L14114,South Africa,CRS-006,8.0,0.783,-10.2,0.847
L13642,South Africa,CRS-014,3.5,0.384,-9.9,0.731
L10422,South Africa,CRS-005,5.4,0.724,-4.4,0.706
L13444,Egypt,CRS-015,0.4,0.916,-41.3,0.602
L10627,Egypt,CRS-003,10.2,0.692,22.1,0.759
L13736,Egypt,CRS-007,9.0,0.938,-13.3,0.797
L12499,Egypt,CRS-005,0.8,0.881,15.5,0.639
L10118,Egypt,CRS-011,1.2,0.928,2.4,0.964
L11022,South Africa,CRS-011,51.7,0.688,13.7,0.907
L14491,South Africa,CRS-007,24.2,0.434,-3.8,0.722
L11070,South Africa,CRS-003,3.6,0.487,-27.1,0.709
L13252,South Africa,CRS-005,34.7,0.453,5.2,0.767
L10950,Egypt,CRS-002,11.6,0.820,2.5,0.751
L13748,Egypt,CRS-004,0.3,0.746,-8.4,0.752
L12841,South Africa,CRS-003,1.5,0.681,-9.8,0.593
L12410,Egypt,CRS-001,7.8,0.696,-8.3,0.578
L13453,Egypt,CRS-015,11.1,0.831,-4.1,0.581
L11602,South Africa,CRS-011,12.2,0.891,1.3,0.313
L14603,Egypt,CRS-014,54.7,0.905,-18.4,0.731
L12846,South Africa,CRS-007,1.8,0.817,-0.1,0.912
L10932,South Africa,CRS-012,20.8,0.707,2.2,0.535
L11068,Egypt,CRS-008,14.2,0.807,-2.8,0.461
L12026,Egypt,CRS-012,54.9,0.661,4.1,0.470
L12565,South Africa,CRS-004,24.3,0.893,-6.9,0.537
L13071,Egypt,CRS-001,6.8,0.754,13.9,0.591
L12132,Egypt,CRS-011,20.9,0.874,10.0,0.689
L10127,South Africa,CRS-007,0.1,0.766,-13.6,0.715
L12188,Egypt,CRS-011,4.3,0.606,-21.5,0.903
L15069,Egypt,CRS-015,5.3,0.825,13.7,0.641
L13144,Egypt,CRS-002,10.1,0.944,0.1,0.760
L11700,Egypt,CRS-003,1.7,0.746,15.8,0.690
L15298,Egypt,CRS-014,4.3,0.980,13.3,0.827
L13992,Egypt,CRS-009,0.9,0.755,0.4,0.571
L10092,Egypt,CRS-001,12.6,0.904,-8.7,0.596
L12950,South Africa,CRS-010,0.7,0.486,23.6,0.600
L14803,Egypt,CRS-006,22.5,0.771,-6.0,0.756
L10436,Egypt,CRS-012,0.8,0.833,3.3,0.706
L12000,South Africa,CRS-003,34.7,0.912,-6.9,0.935
L12318,South Africa,CRS-012,5.2,0.639,-10.3,0.850
L14194,Egypt,CRS-015,14.0,0.870,11.0,0.810
L12457,Egypt,CRS-015,20.7,0.534,-10.2,0.731
L10626,South Africa,CRS-005,5.9,0.932,-1.4,0.953
L14427,South Africa,CRS-011,4.0,0.823,-16.5,0.630
L15110,South Africa,CRS-014,5.3,0.408,-22.5,0.944
L13163,Egypt,CRS-008,1.3,0.584,-3.2,0.494
L12454,Egypt,CRS-010,29.9,0.592,8.8,0.857
L13493,Egypt,CRS-014,12.8,0.355,14.7,0.308
L11883,Egypt,CRS-001,18.2,0.595,-3.1,0.470
L10348,South Africa,CRS-008,7.5,0.278,9.0,0.861
L10276,South Africa,CRS-003,1.1,0.434,-15.4,0.925
L10374,South Africa,CRS-005,9.6,0.517,-1.2,0.793
L14555,South Africa,CRS-007,7.2,0.641,5.5,0.589
L13926,South Africa,CRS-008,31.6,0.660,4.8,0.834
L12024,South Africa,CRS-004,58.6,0.772,-18.0,0.569
L15212,South Africa,CRS-008,4.3,0.963,2.2,0.709
L13164,Egypt,CRS-013,1.9,0.579,1.2,0.729
L10500,Egypt,CRS-005,0.4,0.826,-0.4,0.840
L14838,Egypt,CRS-005,2.5,0.745,-0.9,0.794
L11055,South Africa,CRS-010,1.5,0.549,30.1,0.855
L11339,Egypt,CRS-002,5.3,0.770,-15.2,0.530
L13385,South Africa,CRS-001,2.4,0.734,-15.5,0.721
L12388,Egypt,CRS-012,3.7,0.791,5.3,0.656
